"Owner","Property Address","Control Map","Group","Parcel","Special Interest","Parcel ID","Subdivision","Lot","Class","Sale Date"
"CASTALIAN SPRINGS BETHPAGE WATER UTILITY","MARTHA LANE  0","133","","048.09","000","133    04809 000","PRUETT PLACE","","City","7/14/2021"
"CASTALIAN SPRINGS BETHPAGE WATER UTILITY","HIDDEN COVE ROAD  0","133","","048.10","000","133    04810 000","ALEXANDER ACRES","2","City","7/14/2021"
"CITY OF GALLATIN","DOROTHY JORDAN AVENUE  0","113O","L","021.00","000","113O L 02100 000","","","City","9/19/2025"
"CITY OF GALLATIN","JONES STREET  117","126F","H","011.00","000","126F H 01100 000","JONES ADDITION","15-17","City","7/17/2023"
"CITY OF GALLATIN","JONES STREET  119","126F","H","012.00","000","126F H 01200 000","JONES ADDITION","18-23","City","7/17/2023"
"CITY OF GALLATIN TENNESSEE","SCHELL STREET EAST  142","126F","E","005.00","000","126F E 00500 000","","","City","7/3/2023"
"CITY OF GALLATIN TENNESSEE","JONES STREET  107","126F","H","006.00","000","126F H 00600 000","","","City","8/20/2025"
"CITY OF GALLATIN TENNESSEE","JONES STREET  123","126F","H","013.00","000","126F H 01300 000","JONES  ADDITION","IST","City","1/10/2024"
"CITY OF GALLATIN TENNESSEE","JONES STREET  149","126F","H","022.00","000","126F H 02200 000","JONES ADD","IST","City","2/15/2023"
"CITY OF GALLATN TENNESSEE","JONES STREET  127","126F","H","015.00","000","126F H 01500 000","JONES ADDITION","IST","City","8/18/2023"
"CITY OF HENDERSONVILLE","EAST MAIN STREET  260","159J","A","021.19","000","159J A 02119 000","","","City","12/13/2023"
"CITY OF HENDERSONVILLE","SAVELY COURT  114","160L","D","005.00","000","160L D 00500 000","OAKVALE SEC. 3B","0113","City","1/25/2021"
"CITY OF HENDERSONVILLE","SAVELY COURT  112","160L","D","006.00","000","160L D 00600 000","OAKVALE S/D SEC. 3B","0114","City","2/11/2021"
"CITY OF HENDERSONVILLE","SAVELY COURT  108","160L","D","008.00","000","160L D 00800 000","OAKVALE SEC. 3B","0116","City","2/11/2021"
"CITY OF HENDERSONVILLE","SAVELY COURT  106","160L","D","009.00","000","160L D 00900 000","OAKVALE SEC. 3B","0117","City","2/10/2021"
"CITY OF HENDERSONVILLE ATTN LANCE WRAY","CENTER POINT ROAD  1455","144P","D","008.00","000","144P D 00800 000","WOODBRIDGE AT MANSKE","8","City","9/23/2024"
"CITY OF HENDERSONVILLE ATTN LANCE WRAY","CENTER POINT ROAD  1473","144P","D","009.00","000","144P D 00900 000","WOODBRIDGE AT MANSKE","9","City","9/23/2024"
"CITY OF MILLERSVILLE","LOUISVILLE HWY  1182","121P","C","009.00","000","121P C 00900 000","","","City","6/11/2021"
"CITY OF MILLERSVILLE","LOUISVILLE HWY  1178","121P","C","010.00","000","121P C 01000 000","","","City","11/17/2021"
"CITY OF PORTLAND","AIRPORT ROAD  0","033","","061.01","000","033    06101 000","","","City","6/30/2023"
"CITY OF PORTLAND","LEONA STREET  105","033H","E","019.01","000","033H E 01901 000","","","City","4/6/2021"
"CITY OF PORTLAND","CHURCH STREET  118","033H","G","029.00","000","033H G 02900 000","","","City","12/10/2021"
"CITY OF PORTLAND TENNESSEE","109N HWY  3212","039","","117.00","000","039    11700 000","","","City","5/11/2018"
"CITY OF PORTLAND TENNESSEE","109N HWY  3212","039","","117.00","002","039    11700 002","","","City","5/11/2018"
"CITY OF WHITE HOUSE, TENNESSEE ATTN: GERALD HERMAN","OAKDALE DRIVE  0","097E","F","021.01","000","097E F 02101 000","NORTHWOODS PHASE 1 S","513","City","6/3/2025"
"GALLATIN CITY & CEMC","NICHOLS LANE  255","135","","034.01","000","135    03401 000","","","City","7/26/2019"
"GALLATIN CITY OF","GIBBS LANE  0","105","","028.01","000","105    02801 000","TRIPLE CREEK PARK","","City","9/26/1997"
"GALLATIN CITY OF","31E HWY  0","105","","046.01","000","105    04601 000","","","City","1/11/1993"
"GALLATIN CITY OF","HARTSVILLE PIKE  0","111","","001.01","000","111    00101 000","GALLATIN INDUSTRIAL CENTER PH 4","10-11","City","2/10/2015"
"GALLATIN CITY OF","31E HWY  0","112","","004.01","000","112    00401 000","TRIPLE CREEK PARK","","City","9/26/1997"
"GALLATIN CITY OF","COMMERCE WAY  0","112","","103.00","000","112    10300 000","","","City","1/29/1992"
"GALLATIN CITY OF","AIRPORT ROAD  395","112","","105.00","000","112    10500 000","ENGLAND PROP","","City","1/14/2015"
"GALLATIN CITY OF","COMMERCE WAY  0","112","","110.00","000","112    11000 000","GALLATIN INDUSTRIAL","3","City","1/29/1992"
"GALLATIN CITY OF","TULIP CIRCLE  0","112P","A","027.00","000","112P A 02700 000","","","City","2/7/1980"
"GALLATIN CITY OF","25E HWY  0","112P","D","038.01","000","112P D 03801 000","","","City","8/13/1980"
"GALLATIN CITY OF","ALBERT GALLATIN AVE  1465","113","","002.09","000","113    00209 000","NEXUS PH1","1","City","12/28/2023"
"GALLATIN CITY OF","DOBBINS PIKE  0","113","","022.01","000","113    02201 000","TRIPLE CREEK PARK","","City","9/26/1997"
"GALLATIN CITY OF","HIX LANE  0","113","","024.00","000","113    02400 000","TRIPLE CREEK PARK","","City","11/11/1997"
"GALLATIN CITY OF","ALBERT GALLATIN AVENUE E 210","113","","025.09","000","113    02509 000","","","City","9/7/1989"
"GALLATIN CITY OF","ALBERT GALLATIN AVENUE E 0","113","","025.10","000","113    02510 000","","","City","9/7/1989"
"GALLATIN CITY OF","31E HWY  0","113","","026.11","000","113    02611 000","","","City","3/26/2010"
"GALLATIN CITY OF","WATER AVENUE NORTH  875","113F","A","006.00","000","113F A 00600 000","","","City","7/29/1992"
"GALLATIN CITY OF","MUNICIPAL PARK DRIVE  110","113F","A","007.00","000","113F A 00700 000","","","City","8/19/1992"
"GALLATIN CITY OF","HATTEN TRACK ROAD  518","113G","A","003.03","000","113G A 00303 000","HATTEN TRACK HEIGHTS","5-5","City","12/16/2014"
"GALLATIN CITY OF","GAYLE AVENUE  0","113L","E","001.00","000","113L E 00100 000","TWIN OAKS EST.","IST","City","5/12/2010"
"GALLATIN CITY OF","31E HWY  0","113L","E","033.01","000","113L E 03301 000","","","City","2/8/2010"
"GALLATIN CITY OF","WESTLAND AVENUE  0","113M","A","009.00","000","113M A 00900 000","WESTLAND HEIGHTS ADDITION","LIST","City","7/28/2011"
"GALLATIN CITY OF","WESTLAND AVENUE  0","113M","A","009.01","000","113M A 00901 000","","","City","12/31/2004"
"GALLATIN CITY OF","BROADWAY EAST  447","113M","A","017.00","000","113M A 01700 000","31E COMMERCIAL TRACT","2","City","10/26/2011"
"GALLATIN CITY OF","BROADWAY EAST  0","113M","A","026.01","000","113M A 02601 000","","","City","12/31/2004"
"GALLATIN CITY OF","MAIN STREET EAST  551","113M","E","012.00","000","113M E 01200 000","SUMNER REGIONAL HEAL","2","City","7/18/2019"
"GALLATIN CITY OF","EASTLAND STREET EAST  0","113N","C","001.00","000","113N C 00100 000","","","City","12/6/1988"
"GALLATIN CITY OF","COLLEGE STREET  317","113N","C","007.00","000","113N C 00700 000","GRAY S/D","IST","City","9/4/2013"
"GALLATIN CITY OF","CHAMBERS STREET  0","113O","H","033.00","000","113O H 03300 000","","","City","6/25/2009"
"GALLATIN CITY OF","BUCKINGHAM BOULEVARD  0","114N","A","060.00","000","114N A 06000 000","CAMBRIDGE FARMS PH 1","","City","7/9/1996"
"GALLATIN CITY OF","LONG HOLLOW PIKE  0","124","","033.03","000","124    03303 000","","","City","3/8/2005"
"GALLATIN CITY OF","BIG STATION CAMP BLVD  0","124","","046.04","000","124    04604 000","","","City","12/2/2008"
"GALLATIN CITY OF","BIG STATION CAMP BLVD  315","124","","046.09","000","124    04609 000","","","City","12/2/2008"
"GALLATIN CITY OF","TISDALE LANE  0","124","","046.10","000","124    04610 000","","","City","8/25/2009"
"GALLATIN CITY OF","LONG HOLLOW PIKE  0","125","","014.00","000","125    01400 000","","","City","1/16/1996"
"GALLATIN CITY OF","NASHVILLE PIKE  1214","125M","A","001.03","000","125M A 00103 000","VINTAGE BAKERS CROSSING","3","City","11/21/2024"
"GALLATIN CITY OF","COLES FERRY ROAD  416","126","","007.00","000","126    00700 000","","","City","7/26/2019"
"GALLATIN CITY OF","TROUSDALE AVENUE  0","126A","C","034.00","000","126A C 03400 000","MEADOWBROOK 1","IST","City","10/28/2005"
"GALLATIN CITY OF","RUCKER STREET  0","126B","E","033.00","000","126B E 03300 000","","","City","7/19/2000"
"GALLATIN CITY OF","LONG HOLLOW PIKE  641","126B","G","015.00","000","126B G 01500 000","","","City","12/1/1973"
"GALLATIN CITY OF","FRANKLIN STREET WEST  130","126C","B","012.00","000","126C B 01200 000","TOWN CREEK RE DEV.","IST","City","8/7/1964"
"GALLATIN CITY OF","MAIN STREET WEST  0","126C","G","014.00","000","126C G 01400 000","CITY OF GALLATIN CIT","1","City","7/9/1974"
"GALLATIN CITY OF","CEMETERY AVENUE  0","126C","N","021.00","000","126C N 02100 000","","","City","2/26/1974"
"GALLATIN CITY OF","SMITH STREET  0","126C","N","024.00","000","126C N 02400 000","","","City","3/15/1934"
"GALLATIN CITY OF","STEAM PLANT ROAD  500","126E","A","001.00","000","126E A 00100 000","","","City","12/13/2012"
"GALLATIN CITY OF","WESTLAND AVENUE SOUTH  0","126E","A","002.00","000","126E A 00200 000","","","City","5/8/1985"
"GALLATIN CITY OF","WESTLAND AVENUE SOUTH  0","126E","A","003.00","000","126E A 00300 000","","","City",""
"GALLATIN CITY OF","WATER AVENUE SOUTH  411","126F","C","001.00","000","126F C 00100 000","","","City","12/4/1945"
"GALLATIN CITY OF","MORRISON STREET  0","126F","D","007.00","000","126F D 00700 000","","","City","8/19/1992"
"GALLATIN CITY OF","WINCHESTER STREET  349","126F","D","010.00","000","126F D 01000 000","","","City","6/30/2014"
"GALLATIN CITY OF","MORRISON STREET  0","126F","E","010.00","000","126F E 01000 000","","","City","8/19/1992"
"GALLATIN CITY OF","JONES STREET  135","126F","H","017.00","000","126F H 01700 000","GALLATIN ELECTRIC DEPT.","1","City","4/21/1966"
"GALLATIN CITY OF","JONES STREET  141","126F","H","018.00","000","126F H 01800 000","JONES ADD.","IST","City","5/25/2016"
"GALLATIN CITY OF","JONES STREET  143","126F","H","019.00","000","126F H 01900 000","JONES ADD.","IST","City","6/23/2017"
"GALLATIN CITY OF","JONES STREET  145","126F","H","020.00","000","126F H 02000 000","JONES ADD.","62-64","City","2/7/2018"
"GALLATIN CITY OF","JONES STREET  147","126F","H","021.00","000","126F H 02100 000","JONES ADD.","IST","City","4/13/2018"
"GALLATIN CITY OF","MAPLE STREET  0","126G","B","029.01","000","126G B 02901 000","CRESCENT NORTH","1","City","9/19/2019"
"GALLATIN CITY OF","HANCOCK STREET  229","126J","A","016.00","000","126J A 01600 000","COLEY & GREGORY PROP","1-1","City","7/18/1996"
"GALLATIN CITY OF","HANCOCK STREET  249","126J","A","016.01","000","126J A 01601 000","COLEY & GREGORY PROP","2-2","City","7/18/1996"
"GALLATIN CITY OF","HITE STREET WEST  0","126K","F","002.00","000","126K F 00200 000","MORNINGSIDE HEIGHTS","0004","City","10/14/1954"
"GALLATIN CITY OF","WATER AVENUE SOUTH  818","126K","G","028.00","000","126K G 02800 000","LONGVIEW ESTATES A","14","City","10/22/2002"
"GALLATIN CITY OF","WATER AVENUE SOUTH  810","126K","G","029.00","000","126K G 02900 000","","","City","9/23/1993"
"GALLATIN CITY OF","AIRPORT ROAD","126M","G","027.01","000","126M G 02701 000","","","City","12/14/2010"
"GALLATIN CITY OF","STEPHANIE STREET  0","126N","K","008.00","000","126N K 00800 000","","","City",""
"GALLATIN CITY OF","STEPHANIE STREET  0","126O","C","013.01","000","126O C 01301 000","HALEWOOD EST SEC 5 R","42A","City","10/2/2006"
"GALLATIN CITY OF","STEAM PLANT ROAD  0","127","","064.02","000","127    06402 000","GALLATIN ELECTRIC-SU","4","City","2/18/2016"
"GALLATIN CITY OF","COLES FERRY ROAD  0","134","","104.00","000","134    10400 000","LANGLEY EST","S","City","5/25/2021"
"GALLATIN CITY OF","LOCK 4 ROAD  0","135","","002.02","000","135    00202 000","","","City","2/21/1985"
"GALLATIN CITY OF","NICHOLS CIRCLE EAST  0","135","","056.02","000","135    05602 000","","","City","8/18/2009"
"GALLATIN CITY OF","PENINSULA DRIVE  0","135A","A","027.00","000","135A A 02700 000","BEL AIR S/D SEC 10","0005","City","4/29/2013"
"GALLATIN CITY OF","LANGWOOD DRIVE  1105","135D","B","033.00","000","135D B 03300 000","HIGHLAND PARK S/D NO","01-2","City","8/26/2010"
"GALLATIN CITY OF","NICHOLS LANE  346","135G","B","012.00","000","135G B 01200 000","CLEAR LAKE MEADOWS SEC 7 PH 1","103","City","10/28/2014"
"GALLATIN CITY OF","LOCK 4 ROAD  0","135H","A","001.00","000","135H A 00100 000","","","City",""
"GALLATIN CITY OF","COLLEGE PARK DRIVE  105","136","","004.07","000","136    00407 000","","1","City","5/21/2014"
"GALLATIN CITY OF","BLUE JAY WAY NORTH  0","136","","010.00","000","136    01000 000","","","City","12/7/2006"
"GALLATIN CITY OF","THORNE BOULEVARD  116","136","","022.01","000","136    02201 000","","2","City","2/12/2019"
"GALLATIN CITY OF","GRASSLAND PLACE  0","136F","A","005.00","000","136F A 00500 000","NASHVILLE PIKE BUSINESS PARK","14","City","10/4/2021"
"GALLATIN CITY OF","PEACH VALLEY ROAD  0","148","","083.04","000","148    08304 000","","","City","3/12/2024"
"GALLATIN CITY OF","PEACH VALLEY ROAD  0","148","","084.01","000","148    08401 000","","","City","10/2/1987"
"GALLATIN CITY OF","LOCK 4 ROAD  1501","148","","112.00","000","148    11200 000","","","City","5/27/2008"
"GALLATIN CITY OF  TENNESSEE","31E HWY  0","113","","026.06","000","113    02606 000","DRAPER FARM","PO14","City","1/16/2025"
"GALLATIN CITY OF  TENNESSEE","31E HWY  0","113","","026.07","000","113    02607 000","DRAPER FARM","PO A","City","1/16/2025"
"GALLATIN CITY OF -- WATER PLANT","109N HWY SOUTH  0","148","","081.00","000","148    08100 000","","","City","3/29/2011"
"GALLATIN CITY OF ATTN: JOE THOMPSON","SMITH STREET  0","126C","J","019.00","000","126C J 01900 000","","","City","1/23/2008"
"GALLATIN CITY OF ATTN: JOE THOMPSON","SMITH STREET WEST  0","126C","J","020.00","000","126C J 02000 000","CORDELL HULL OFFICE","4","City","1/23/2008"
"GALLATIN CITY OF CREDIT UNION","WESTLAND AVENUE SOUTH  0","126F","J","032.00","000","126F J 03200 000","","","City","10/7/1971"
"GALLATIN CITY OF DEPT OF ELECTRICITY","31E HWY OFF  0","136","","016.02","000","136    01602 000","","","City","1/11/1999"
"GALLATIN CITY OF GAP ACCESS ROAD","NASHVILLE PIKE  0","136","","006.00","000","136    00600 000","","","City","10/24/1995"
"GALLATIN CITY OF IDB DANA A FRAZIER C/O","GATEWAY DRIVE  1399","112","","012.02","000","112    01202 000","","4","City","12/13/2017"
"GALLATIN CITY OF SPRINT SPECTRUM LP C/O","MUNICIPAL PARK DRIVE  150","113F","A","007.00","001","113F A 00700 001","","","City","8/19/1992"
"GALLATIN CITY OF TENNESSE","RED RIVER ROAD  860","113P","A","013.02","000","113P A 01302 000","T W MILLIKEN LAND RE","1","City","9/4/2003"
"GALLATIN CITY OF TENNESSEE","GATEWAY DRIVE  1389","112","","012.01","000","112    01201 000","","3","City","3/20/2026"
"GALLATIN CITY OF TENNESSEE","GATEWAY DR  1412","112","","012.07","000","112    01207 000","","","City","8/7/2014"
"GALLATIN CITY OF TENNESSEE","COMMERCE WAY  192","112","","016.00","000","112    01600 000","GALLATIN INDUS CTR-G","6","City","12/31/2008"
"GALLATIN CITY OF TN","SUGAR TREE LANE  0","124","","046.05","000","124    04605 000","","","City","7/17/2019"
"GALLATIN CITY OF TN","SUGAR TREE LANE  0","124","","046.06","000","124    04606 000","","","City","7/17/2019"
"GALLATIN CITY OF TN","MAPLE STREET  350","126G","B","029.02","000","126G B 02902 000","CRESENT NORTH SUB","2","City","6/25/2020"
"GALLATIN CITY OF TN","SHAWN DRIVE  0","135D","G","022.01","000","135D G 02201 000","CROSSINGS SEC 1 RES 1-47","DET AREA","City","2/10/2014"
"GALLATIN HOUSING AUTH","WESTLAND ROAD  0","126F","D","008.00","000","126F D 00800 000","","","City",""
"GALLATIN HOUSING AUTH","WESTLAND ROAD  0","126F","D","009.00","000","126F D 00900 000","","","City",""
"GALLATIN HOUSING AUTH INC.","BOYERS ST N / HULL CIRCLE  0","113K","J","023.00","000","113K J 02300 000","","","City","11/28/1980"
"GALLATIN HOUSING AUTHORITY","LACKEY CIRCLE  0","113J","E","017.01","000","113J E 01701 000","","","City","6/26/1980"
"GALLATIN HOUSING AUTHORITY","PACE STREET  0","113J","E","018.00","000","113J E 01800 000","CLEARVIEW HTS. NO. 3","IST","City","3/31/1983"
"GALLATIN HOUSING AUTHORITY","PACE STREET  0","113J","E","019.00","000","113J E 01900 000","CLEARVIEW HTS. NO. 3","IST","City","3/31/1983"
"GALLATIN HOUSING AUTHORITY","BLYTHE AVENUE  0","113J","G","038.00","000","113J G 03800 000","","","City",""
"GALLATIN HOUSING AUTHORITY","UNION PARK  0","113O","E","042.00","000","113O E 04200 000","FORD ADDITION #5","14-15","City","3/31/1983"
"GALLATIN HOUSING AUTHORITY","UNION PARK  0","113O","F","021.00","000","113O F 02100 000","FORD ADDITION #5","55-57","City","3/31/1983"
"GALLATIN HOUSING AUTHORITY","BLAKEMORE AVENUE NORTH","113O","L","013.00","000","113O L 01300 000","","","City",""
"GALLATIN HOUSING AUTHORITY","PARDUE AVENUE SOUTH  411","126D","B","011.00","000","126D B 01100 000","","","City",""
"GALLATIN HOUSING AUTHORITY","WESTLAND AVENUE SOUTH  0","126E","A","004.00","000","126E A 00400 000","","","City","10/31/1962"
"GALLATIN HOUSING AUTHORITY","SANTA MONICA BLVD  249","104N","C","022.00","000","104N C 02200 000","HOLLYWOOD HILLS","0131","City","4/28/1994"
"GALLATIN HOUSING AUTHORITY","SANTA MONICA BLVD  253","104N","C","023.00","000","104N C 02300 000","HOLLYWOOD HILLS","0132","City","4/28/1994"
"GALLATIN HOUSING AUTHORITY","SANTA MONICA BLVD  257","104N","C","024.00","000","104N C 02400 000","HOLLYWOOD HILLS","0133","City","4/28/1994"
"GALLATIN HOUSING AUTHORITY","HOLLYWOOD BOULEVARD  278","104N","C","035.00","000","104N C 03500 000","HOLLYWOOD HILLS","0083","City","10/20/1994"
"GALLATIN HOUSING AUTHORITY","VINE STREET  114","104N","D","014.00","000","104N D 01400 000","HOLLYWOOD HILLS 1 SU","0170","City","4/28/1994"
"GALLATIN HOUSING AUTHORITY","HOLLYWOOD BOULEVARD  313","104N","D","041.00","000","104N D 04100 000","HOLLYWOOD HILLS","0142","City","10/20/1994"
"GALLATIN HOUSING AUTHORITY","TRIMBLE AVENUE  0","113K","B","020.01","000","113K B 02001 000","TRIMBLE PLACE","1","City","6/21/1994"
"GALLATIN HOUSING AUTHORITY","BLYTHE AVENUE NORTH  0","113O","J","001.00","000","113O J 00100 000","","","City",""
"GALLATIN HOUSING AUTHORITY","BLAKEMORE AVENUE NORTH  0","113O","J","010.00","000","113O J 01000 000","VERTRESS TERRACE","03-4","City","1/18/1996"
"GALLATIN HOUSING AUTHORITY","BLAKEMORE AVENUE NORTH  0","113O","J","011.00","000","113O J 01100 000","VERTRESS TERRACE","01-2","City","1/18/1996"
"GALLATIN HOUSING AUTHORITY","MELVIN VAUGHN COURT PVT  120","126B","B","001.00","000","126B B 00100 000","","","City","5/24/1994"
"GALLATIN HOUSING AUTHORITY","COLES FERRY ROAD  146","126L","C","025.00","000","126L C 02500 000","","","City","4/8/2016"
"GALLATIN HOUSING AUTHORITY","BALES STREET  0","126M","D","032.00","000","126M D 03200 000","","","City","4/28/1994"
"GOODLETTSVILLE CITY OF","WYNRIDGE WAY SOUTH  0","140N","A","044.01","000","140N A 04401 000","WYNRIDGE PH 3","84","City","10/30/2003"
"GOODLETTSVILLE CITY OF","LONG HOLLOW PIKE  770","143","","015.00","000","143    01500 000","","","City","2/15/2012"
"GOODLETTSVILLE CITY OF","CRENCOR DRIVE  0","143B","D","021.00","000","143B D 02100 000","CRENCOR MANOR","3","City","9/29/1997"
"GOODLETTSVILLE CITY OF","WYNLANDS CIRCLE  0","143B","E","036.00","000","143B E 03600 000","WYNLANDS PH 3","59","City","4/12/2002"
"GOODLETTSVILLE CITY OF","MASON LANE  302","143I","A","001.00","000","143I A 00100 000","BARNETT ROLLING ACRES","21","City","4/20/2012"
"GOODLETTSVILLE CITY OF","MASON LANE  301","143I","B","016.00","000","143I B 01600 000","BARNETT ROLLING ACRES","20","City","2/14/2012"
"GOODLETTSVILLE CITY OF","MASON LANE  0","143I","B","016.01","000","143I B 01601 000","BARNETT ROLLING ACRES","PO19","City","2/14/2012"
"GOODLETTSVILLE CITY OF","JACKSON ROAD  0","143J","F","009.04","000","143J F 00904 000","","","City","12/27/2007"
"GOODLETTSVILLE CITY OF","CENTER POINT ROAD  0","144P","D","003.02","000","144P D 00302 000","WOODBRIDGE AT MANSKE","","City",""
"GOODLETTSVILLE CITY OF","CALDWELL DRIVE  0","161","","002.01","000","161    00201 000","","","City","3/8/1977"
"GOODLETTSVILLE CITY OF","CALDWELL DRIVE  0","161","","004.03","000","161    00403 000","","","City","9/3/1987"
"GOODLETTSVILLE CITY OF TENNESSEE","CRENCOR DRIVE  0","143B","B","008.00","000","143B B 00800 000","MANSKER CREEK ESTATES SEC 3","130A","City","5/19/2003"
"GOODLETTSVILLE CITY OF TENNESSEE","CRENCOR DRIVE  0","143B","B","008.01","000","143B B 00801 000","MANSKER CREEK ESTATES SEC 3","130B","City","5/19/2003"
"GUILD JOAN(DECEASED) %GALLATIN CITY OF","WATER AVENUE SOUTH  810","126K","G","029.00","001","126K G 02900 001","","","City","9/23/1993"
"HENDERSONVILLE CITY OF","SAUNDERSVILLE ROAD  1501","137","","051.00","000","137    05100 000","","","City","4/29/1988"
"HENDERSONVILLE CITY OF","SAUNDERSVILLE ROAD  1501","137","","051.00","001","137    05100 001","","","City","4/29/1988"
"HENDERSONVILLE CITY OF","DRAKES CREEK ROAD  0","145","","032.08","000","145    03208 000","","","City","4/29/2017"
"HENDERSONVILLE CITY OF","CALLENDER LANE  0","145","","054.02","000","145    05402 000","","","City","7/28/1993"
"HENDERSONVILLE CITY OF","RAINDROP LANE  0","145","","054.04","000","145    05404 000","","","City","12/21/1999"
"HENDERSONVILLE CITY OF","WESSINGTON PLACE  206","145O","C","020.00","000","145O C 02000 000","COLONIAL ACRES SEC.","","City","11/1/1999"
"HENDERSONVILLE CITY OF","WINSTON HILLS PKWY  1003","146P","A","031.00","000","146P A 03100 000","WINSTON HILLS PH 6","2","City","2/23/2011"
"HENDERSONVILLE CITY OF","SOUTHBURN DRIVE OFF  0","159B","A","008.01","000","159B A 00801 000","","","City","7/15/2005"
"HENDERSONVILLE CITY OF","INDIAN LAKE BLVD  0","159B","C","006.01","000","159B C 00601 000","","","City","9/1/2017"
"HENDERSONVILLE CITY OF","SOUTHBURN DRIVE OFF  0","159B","C","007.00","000","159B C 00700 000","","","City","9/24/1985"
"HENDERSONVILLE CITY OF","31E HWY  0","159E","B","027.01","000","159E B 02701 000","","","City","4/29/1983"
"HENDERSONVILLE CITY OF","SPRINGHOUSE COURT  111","159G","A","004.00","000","159G A 00400 000","SHOLODGE SEC 2","OS","City","9/7/2017"
"HENDERSONVILLE CITY OF","HUNTERS TRAIL  0","159I","D","012.01","000","159I D 01201 000","NOKES HEIGHTS ADD RE","2","City","12/21/2001"
"HENDERSONVILLE CITY OF","HUNTERS TRAIL  0","159I","D","013.00","000","159I D 01300 000","","","City","10/9/1980"
"HENDERSONVILLE CITY OF","BONITA PARK WAY  0","159K","C","004.01","000","159K C 00401 000","MAPLES SEC 7","","City","3/21/1985"
"HENDERSONVILLE CITY OF","FREE HILL ROAD  0","160","","033.03","000","160    03303 000","","","City","7/24/1973"
"HENDERSONVILLE CITY OF","FREE HILL ROAD  0","160","","034.00","000","160    03400 000","","","City","2/5/2016"
"HENDERSONVILLE CITY OF","MONTHAVEN BOULEVARD  0","160I","A","001.00","000","160I A 00100 000","MONTHAVEN PLACE","E","City","9/17/1998"
"HENDERSONVILLE CITY OF","SAVELY COURT  104","160L","D","010.00","000","160L D 01000 000","OAKVALE SEC. 3B","0118","City","6/11/2021"
"HENDERSONVILLE CITY OF","LINDEN DRIVE  107","161","","048.00","000","161    04800 000","HIGH CHAPARRAL SEC 1","0008","City","3/26/2012"
"HENDERSONVILLE CITY OF","LINDEN DRIVE  103","161","","050.00","000","161    05000 000","HIGH CHAPARRAL SEC 1","6","City","10/31/2011"
"HENDERSONVILLE CITY OF","LINDEN DRIVE  101","161","","051.00","000","161    05100 000","HIGH CHAPARRAL SEC 1","5","City","10/31/2011"
"HENDERSONVILLE CITY OF","CALDWELL DRIVE  111","161","","055.00","000","161    05500 000","HIGH CHAPARRAL SEC 1","0011","City","3/26/2012"
"HENDERSONVILLE CITY OF","EXECUTIVE PARK DRIVE  0","163C","F","002.04","000","163C F 00204 000","IMPERIAL SQUARE SEC 14","","City","10/21/1983"
"HENDERSONVILLE CITY OF","IMPERIAL BOULEVARD  0","163C","F","002.06","000","163C F 00206 000","","","City","12/4/1985"
"HENDERSONVILLE CITY OF","EXECUTIVE PARK DRIVE  1","163C","F","005.00","000","163C F 00500 000","IMPERIAL SQUARE SEC 3","2","City","1/21/1980"
"HENDERSONVILLE CITY OF","SANDERS FERRY ROAD  0","163D","E","001.00","000","163D E 00100 000","","","City","8/11/1972"
"HENDERSONVILLE CITY OF","CROWN COURT  0","163D","E","076.00","000","163D E 07600 000","VILLAGES OF WALTON SQUARE PH 3","OS","City","6/15/2010"
"HENDERSONVILLE CITY OF","SHIVEL DRIVE  212","163D","G","006.00","000","163D G 00600 000","SHIVEL ADDN TO HENDERSONVILLE","LIST","City","7/1/1997"
"HENDERSONVILLE CITY OF","STADIUM DRIVE  0","163D","G","013.00","000","163D G 01300 000","","","City","7/8/1998"
"HENDERSONVILLE CITY OF","SCARSDALE DRIVE SOUTH  0","164J","F","001.00","000","164J F 00100 000","C W SHACKLEFORD","LIST","City","5/30/2018"
"HENDERSONVILLE CITY OF","INDIAN LAKE ROAD  513","169F","D","071.00","000","169F D 07100 000","INDIAN LAKE FIRE STA","1","City","6/29/2006"
"HENDERSONVILLE CITY OF","INDIAN LAKE ROAD  513","169F","D","071.00","001","169F D 07100 001","INDIAN LAKE FIRE STA","1","City","6/29/2006"
"HENDERSONVILLE CITY OF","LUNA LANE  0","170D","A","002.00","000","170D A 00200 000","LAKE CUMBERLAND ACRE","","City","5/3/1972"
"HENDERSONVILLE CITY OF KAY FRANKLIN C/O","IMPERIAL BLVD  0","163C","F","002.02","000","163C F 00202 000","IMPERIAL SQUARE SEC 11","A","City","1/12/2016"
"HENDERSONVILLE CITY OF SBA TOWERS INC C/O","BOONE HOLMAN DRIVE  0","160","","033.14","000","160    03314 000","","","City","1/16/1996"
"HENDERSONVILLE CITY OF SUMNER COUNTY TENNESSEE","SAUNDERSVILLE ROAD  140","145","","082.00","000","145    08200 000","INDIAN LAKE VILLAGE","19","City","11/26/2016"
"HENDERSONVILLE CITY OF TENNESSEE","AVANT LANE  1685","138","","035.00","000","138    03500 000","","","City","9/6/2018"
"HENDERSONVILLE CITY OF TENNESSEE","FOREST RETREAT ROAD  1166","144","","109.03","000","144    10903 000","HURT COMMERCIAL CENTER RESUB","1","City","8/30/2001"
"HENDERSONVILLE CITY OF TENNESSEE","MAPLE DRIVE NORTH  101","159J","A","021.08","000","159J A 02108 000","SHOLODGE","5","City","5/26/2005"
"HENDERSONVILLE CITY OF TENNESSEE","LINDEN DRIVE  105","161","","049.00","000","161    04900 000","HIGH CHAPARRAL SEC 1","7","City","10/31/2011"
"HENDERSONVILLE CITY OF TENNESSEE","SAVELY COURT  110","160L","D","007.00","000","160L D 00700 000","OAKVALE SEC. 3B","0115","City","6/14/2021"
"HENDERSONVILLE CITY OF TN","AVANT LANE  0","138G","B","034.02","000","138G B 03402 000","DURHAM PH 1 SEC 6","436","City","9/20/2019"
"HENDERSONVILLE UTILITY DISTRICT","INDIAN LAKE BLVD  0","159J","A","021.14","000","159J A 02114 000","","","City","3/15/2000"
"HENDERSONVILLE UTILITY DISTRICT","CHEROKEE ROAD  179","164J","B","004.00","000","164J B 00400 000","CHEROKEE WOODS ANNEX 4 PT 1","124","City","6/29/2021"
"IDB CITY OF PORTLAND TENNESSEE","KIRBY DRIVE  250","020","","028.01","000","020    02801 000","","","City","3/9/2020"
"INDUSTRIAL DEV BD GALLATIN CITY","GATEWAY DRIVE  1398","112","","012.06","000","112    01206 000","","2","City","3/6/2020"
"INDUSTRIAL DEV BD HENDERSONVIL CITY","FREE HILL ROAD  0","160","","033.06","000","160    03306 000","","","City","2/18/1993"
"INDUSTRIAL DEV BD PORTLAND CITY","STEVISON HAM ROAD  125","019","","124.00","000","019    12400 000","","","City","12/21/2016"
"INDUSTRIAL DEV BD PORTLAND CITY c/o R HUNT","SHOALS WAY  1400","018","","015.01","000","018    01501 000","","","City","12/29/2011"
"INDUSTRIAL DEV BRD OF CITY OF GALLATIN C/O WOOLHAWK LLC ATTN: TAX","GTN5 META LOOP  1","111","","001.00","000","111    00100 000","GALLATIN IND REPLAT LOT 1","1","City","10/2/2020"
"INDUSTRIAL DEV BRD OF CITY OF GALLATIN C/O WOOLHAWK LLC ATTN: TAX","ROUNDTREE DRIVE  1130","112","","119.00","000","112    11900 000","GALLATIN INDUSTRIAL CENTER PH 4","3","City","10/2/2020"
"INDUSTRIAL DEVELOPMENT BOARD OF THE CITY","GATEWAY DRIVE  1381","112","","012.00","000","112    01200 000","","1","City","1/21/2021"
"INDUSTRIAL DEVELOPMENT BOARD OF THE CITY C/O WOOLHAWK LLC ATTN: TAX","HARTSVILLE PIKE  1969","111","","002.00","000","111    00200 000","GALLATIN IND","8","City","8/27/2020"
"INDUSTRIAL DEVELOPMENT BOARD OF THE CITY C/O WOOLHAWK LLC ATTN: TAX","25E HWY  0","111","","024.00","000","111    02400 000","GALLATIN IND","7","City","8/27/2020"
"INDUSTRIAL DEVELOPMENT BOARD OF THE CITY C/O WOOLHAWK LLC ATTN: TAX","25E HWY  1819","111","","118.00","000","111    11800 000","GALLATIN INDUSTRIAL CENTER PH 4","7","City","8/27/2020"
"INDUSTRIAL DEVELOPMENT BOARD OF THE CITY C/O WOOLHAWK LLC ATTN: TAX","HARTSVILLE PIKE  1749","112","","013.02","000","112    01302 000","GALLATIN IND","6","City","8/27/2020"
"INDUSTRIAL DEVELOPMENT BOARD OF THE CITY C/O WOOLHAWK LLC ATTN: TAX","HARTSVILLE PIKE  1753","112","","120.00","000","112    12000 000","GALLATIN INDUSTRIAL CENTER PH 4","4","City","8/27/2020"
"INDUSTRIAL DEVELOPMENT BOARD OF THE CITY C/O WOOLHAWK LLC ATTN: TAX","HARTSVILLE PIKE  1751","112","","121.00","000","112    12100 000","GALLATIN INDUSTRIAL CENTER PH 4","5","City","8/27/2020"
"INDUSTRIAL DEVELOPMENT BOARD OF THE CITY OF GALLATIN","AIRPORT ROAD  1585","126","","007.03","000","126    00703 000","","","City","9/3/2025"
"INDUSTRIAL DEVELOPMENT BOARD OF THE CITY OF GALLATIN TENNESSEE","BELVEDERE DRIVE  375","125L","B","001.00","000","125L B 00100 000","","","City","11/21/2025"
"INDUSTRIAL DEVELOPMENT BOARD OF THE CITY OF PORTLAND","TGT ROAD  245","016","","034.01","000","016    03401 000","JAMES D FREEDLE","2","City","12/15/2025"
"INDUSTRIAL DEVELOPMENT BOARD OF THE CITY OF PORTLAND","TGT ROAD  243","016","","034.02","000","016    03402 000","JAMES D FREEDLE","3","City","12/15/2025"
"METROPOLITAN GOV OF NASHVILLE & DAVIDSON CO","SAUNDERSVILLE ROAD  0","146","","013.00","000","146    01300 000","","","City","8/7/1987"
"MILLERSVILLE CITY","LOUISVILLE HWY  1216","121P","C","011.00","000","121P C 01100 000","","","City","8/12/2011"
"MILLERSVILLE CITY OF","DARBY ROAD  7515","099","","047.00","000","099    04700 000","SEABORN PROP","7","City","11/27/1995"
"MILLERSVILLE CITY OF","LOUISVILLE HWY  1246","121","","062.01","000","121    06201 000","","","City","8/28/1997"
"MILLERSVILLE CITY OF","LOUISVILLE HWY  1247","121","","062.03","000","121    06203 000","","","City","3/15/2013"
"MILLERSVILLE CITY OF","LOUISVILLE HWY  0","121","","062.04","000","121    06204 000","","","City","3/5/1993"
"MILLERSVILLE CITY OF","LOUISVILLE HWY  1181","121P","A","034.00","000","121P A 03400 000","CITY OF MILLERSVILLE","1","City","12/29/2009"
"MILLERSVILLE CITY OF","CARTWRIGHT PARK WAY  0","141D","D","016.00","000","141D D 01600 000","CIMMARON TRACE SEC 2","80","City","11/15/2010"
"MILLERSVILLE CITY OF TENNESSEE","LOUISVILLE HWY  1167","121P","A","033.00","000","121P A 03300 000","","","City","11/7/2014"
"MITCHELLVILLE CITY OF","N CHURCH ST  1001","001N","A","008.00","000","001N A 00800 000","","","City","12/10/1986"
"MITCHELLVILLE CITY OF","EAST MAIN STREET  0","001N","A","009.00","000","001N A 00900 000","","","City","12/10/1986"
"OCANA CLUB HOUSE","25W HWY  0","124","","040.00","000","124    04000 000","","","City","7/23/1954"
"PORTLAND AIRPORT AHUTHORITY","AIRPORT ROAD  216","033","","062.05","000","033    06205 000","","","City","12/22/2014"
"PORTLAND AIRPORT AUTHORITY","RANCH ROAD  670","020","","018.01","000","020    01801 000","","","City","5/28/2015"
"PORTLAND AIRPORT AUTHORITY","PARKERS CHAPEL ROAD  0","020","","052.01","000","020    05201 000","","","City","7/23/2008"
"PORTLAND AIRPORT AUTHORITY","AIRPORT RD  525","020","","060.00","000","020    06000 000","","","City","4/10/2009"
"PORTLAND AIRPORT AUTHORITY","AIRPORT RD  529","020","","061.00","000","020    06100 000","ELLA RIPPY FARM","0008","City","7/28/2015"
"PORTLAND AIRPORT AUTHORITY","RANCH ROAD  0","021","","002.02","000","021    00202 000","","","City","5/7/2024"
"PORTLAND AIRPORT AUTHORITY","RANCH ROAD  621","021","","002.03","000","021    00203 000","","","City","4/10/2015"
"PORTLAND AIRPORT AUTHORITY","COAKLEY DRIVE  0","021","","023.00","000","021    02300 000","ELLA RIPPY FARM","0001","City","9/24/1966"
"PORTLAND AIRPORT AUTHORITY","COAKLEY DRIVE  0","021","","024.00","000","021    02400 000","ELLA RIPPY FARM","0002","City","9/24/1966"
"PORTLAND AIRPORT AUTHORITY","COAKLEY DRIVE  0","021","","025.00","000","021    02500 000","ELLA RIPPY FARM","0003","City","9/24/1966"
"PORTLAND AIRPORT AUTHORITY","COAKLEY DRIVE  0","021","","026.00","000","021    02600 000","ELLA RIPPY FARM","0004","City","9/24/1966"
"PORTLAND AIRPORT AUTHORITY","AIRPORT ROAD  521","033","","015.00","000","033    01500 000","ELLA RIPPY FARM","","City","6/20/2016"
"PORTLAND AIRPORT AUTHORITY","PARKERS CHAPEL ROAD  1024","033","","020.00","000","033    02000 000","","","City","6/4/2008"
"PORTLAND AIRPORT AUTHORITY","JIM COURTNEY ROAD  466","033","","020.01","000","033    02001 000","","","City","9/17/1990"
"PORTLAND AIRPORT AUTHORITY","AIRPORT ROAD  317","033","","022.00","000","033    02200 000","JOHN ROBERTSON LAND","9","City","10/29/2020"
"PORTLAND AIRPORT AUTHORITY","AIRPORT ROAD  330","033","","023.01","000","033    02301 000","","","City","7/16/2008"
"PORTLAND AIRPORT AUTHORITY","AIRPORT ROAD  0","033","","023.03","000","033    02303 000","","","City","7/16/2008"
"PORTLAND AIRPORT AUTHORITY","AIRPORT ROAD  0","033","","061.03","000","033    06103 000","","","City","12/30/2008"
"PORTLAND AIRPORT AUTHORITY","AIRPORT ROAD  0","033","","061.06","000","033    06106 000","","","City","12/30/2008"
"PORTLAND AIRPORT AUTHORITY","AIRPORT ROAD  310","033","","062.00","000","033    06200 000","","","City","5/5/2017"
"PORTLAND AIRPORT AUTHORITY","AIRPORT ROAD  212","033","","062.04","000","033    06204 000","","","City","5/19/2015"
"PORTLAND AIRPORT AUTHORITY","AIRPORT ROAD  306","033","","062.10","000","033    06210 000","GENTS PLACE","2","City","2/10/2016"
"PORTLAND AIRPORT AUTHORITY","AIRPORT ROAD  310","033","","062.12","000","033    06212 000","","","City","5/5/2017"
"PORTLAND AIRPORT AUTHORITY PORTLAND CITY OF C/O","AIRPORT ROAD  0","033","","015.01","000","033    01501 000","ELLA RIPPY FARM","","City","1/25/2008"
"PORTLAND CITY OF","NORTH BROADWAY  0","016","","046.02","000","016    04602 000","","","City","10/21/2024"
"PORTLAND CITY OF","WOODS RD  111","016","","046.03","000","016    04603 000","","","City","11/1/2024"
"PORTLAND CITY OF","TGT ROAD  0","016","","066.02","000","016    06602 000","","","City","5/3/1972"
"PORTLAND CITY OF","TGT RD  202","016","","066.04","000","016    06604 000","","","City","10/1/1976"
"PORTLAND CITY OF","VETERANS DRIVE  0","016","","088.05","000","016    08805 000","","","City","8/26/2001"
"PORTLAND CITY OF","KIRBY DRIVE  0","019","","030.01","000","019    03001 000","TN STAMPING IND PARK","2","City","5/3/2012"
"PORTLAND CITY OF","FAULTLESS DRIVE  0","019","","030.06","000","019    03006 000","","","City","4/3/2012"
"PORTLAND CITY OF","VICTOR REITER PARK WAY  0","019","","033.02","000","019    03302 000","","","City","10/10/2014"
"PORTLAND CITY OF","OAK HILL DRIVE  0","019","","105.01","000","019    10501 000","","","City","8/1/1996"
"PORTLAND CITY OF","109N HWY  0","019","","118.01","000","019    11801 000","","","City","11/16/1992"
"PORTLAND CITY OF","MORNINGSIDE DRIVE  126","019","","122.00","000","019    12200 000","","","City","3/16/1993"
"PORTLAND CITY OF","SHUAB RD  212","019J","A","014.01","000","019J A 01401 000","","73A","City","9/28/2018"
"PORTLAND CITY OF","MASON STREET  0","019O","G","026.00","000","019O G 02600 000","BROOKE HAVEN","","City","1/24/2017"
"PORTLAND CITY OF","EVERGREEN STREET  103","019P","A","015.00","000","019P A 01500 000","EVERGREEN SUB SEC 4A","201-199","City","12/31/2012"
"PORTLAND CITY OF","MASON STREET  114","019P","A","020.00","000","019P A 02000 000","EVERGREEN SUB HWY 52","204","City","12/31/2012"
"PORTLAND CITY OF","RAPIDS ROAD  0","020","","012.00","000","020    01200 000","","","City","10/27/2023"
"PORTLAND CITY OF","WESTERN AVENUE OFF  0","020","","030.06","000","020    03006 000","","","City","9/10/1990"
"PORTLAND CITY OF","LAKE ROAD  0","020","","042.00","000","020    04200 000","","","City","2/12/2003"
"PORTLAND CITY OF","AIRPORT ROAD  630","020","","053.00","000","020    05300 000","","","City","10/22/2001"
"PORTLAND CITY OF","AIRPORT ROAD  535","020","","062.00","000","020    06200 000","ELLA RIPPY FARM","7","City","7/20/2007"
"PORTLAND CITY OF","AIRPORT ROAD  604","020","","063.00","000","020    06300 000","ELLA RIPPY FARM","0006","City","11/1/2006"
"PORTLAND CITY OF","RAPIDS ROAD  0","020","","064.01","000","020    06401 000","","","City","3/31/1995"
"PORTLAND CITY OF","PARKERS CHAPEL ROAD  1137","021","","027.00","000","021    02700 000","","","City","8/6/1974"
"PORTLAND CITY OF","AIRPORT ROAD  0","021","","028.00","000","021    02800 000","","","City","5/20/1977"
"PORTLAND CITY OF","MARTIN RD  210","021","","080.00","000","021    08000 000","CANEY FORK RESERVOIR","","City","7/10/2002"
"PORTLAND CITY OF","EAST CARTER ROAD  0","022","","033.01","000","022    03301 000","","","City","4/7/2000"
"PORTLAND CITY OF","COAKLEY DRIVE  0","032","","001.00","000","032    00100 000","ELIZA STRICKLAND PRO","1-5","City","8/7/2007"
"PORTLAND CITY OF","LEATH ROAD  0","032","","051.03","000","032    05103 000","","","City","8/15/2016"
"PORTLAND CITY OF","52 HWY  0","032","","054.01","000","032    05401 000","","","City","9/27/1977"
"PORTLAND CITY OF","DIANE PLACE  0","032H","B","006.01","000","032H B 00601 000","","","City","7/29/1996"
"PORTLAND CITY OF","STAGGS COURT  0","032H","C","033.01","000","032H C 03301 000","","","City","7/27/1996"
"PORTLAND CITY OF","HAYNES LANE  0","032I","A","011.02","000","032I A 01102 000","","","City","7/2/1996"
"PORTLAND CITY OF","HOOD TRAIL  0","033","","001.00","000","033    00100 000","","","City","2/12/2003"
"PORTLAND CITY OF","AIRPORT ROAD  301","033","","021.00","000","033    02100 000","LARRY LINK","1","City","3/4/2002"
"PORTLAND CITY OF","AIRPORT ROAD  303","033","","021.01","000","033    02101 000","JOHN ROBERTSON LAND","3","City","5/1/2002"
"PORTLAND CITY OF","AIRPORT RD  307","033","","021.02","000","033    02102 000","JOHN ROBERTSON LAND","5","City","11/30/2001"
"PORTLAND CITY OF","AIRPORT ROAD  311","033","","021.03","000","033    02103 000","JOHN ROBERTSON LAND","6-7","City","11/13/2001"
"PORTLAND CITY OF","AIRPORT ROAD  305","033","","021.04","000","033    02104 000","JOHN ROBERTSON LAND","4","City","2/17/2003"
"PORTLAND CITY OF","AIRPORT ROAD  309","033","","021.05","000","033    02105 000","","","City","5/7/2002"
"PORTLAND CITY OF","AIRPORT RD  315","033","","022.03","000","033    02203 000","","","City","5/23/2006"
"PORTLAND CITY OF","52E HWY  0","033","","050.03","000","033    05003 000","","","City","6/14/1996"
"PORTLAND CITY OF","52E HWY  0","033","","077.01","000","033    07701 000","PORTLAND MASONIC LOD","2","City","7/17/2000"
"PORTLAND CITY OF","52 HWY  0","033A","A","014.01","000","033A A 01401 000","","","City","6/13/1982"
"PORTLAND CITY OF","109N HWY  0","033A","A","016.01","000","033A A 01601 000","CITY OF PORTLAND SUB","3","City","8/8/1949"
"PORTLAND CITY OF","COLLEGE STREET  0","033A","A","016.02","000","033A A 01602 000","CITY OF PORTLAND RES","2B-2","City","5/4/1992"
"PORTLAND CITY OF","REED STREET  0","033A","A","018.00","000","033A A 01800 000","","","City","8/6/1982"
"PORTLAND CITY OF","52 HWY  0","033A","A","019.02","000","033A A 01902 000","","","City","7/22/1992"
"PORTLAND CITY OF","REED AVENUE  0","033A","A","020.02","000","033A A 02002 000","","","City","12/24/1991"
"PORTLAND CITY OF","109N HWY  0","033A","A","028.01","000","033A A 02801 000","","","City","11/27/1991"
"PORTLAND CITY OF","MORNINGSIDE DRIVE  126","033A","A","034.00","000","033A A 03400 000","","","City","10/14/1991"
"PORTLAND CITY OF","MORNINGSIDE DRIVE  0","033A","A","035.01","000","033A A 03501 000","","","City","10/30/1992"
"PORTLAND CITY OF","109N HWY  0","033A","B","011.00","000","033A B 01100 000","","","City","5/11/1995"
"PORTLAND CITY OF","NORTH BROADWAY  431","033A","B","012.00","000","033A B 01200 000","","","City","4/18/2000"
"PORTLAND CITY OF","NORTH RUSSELL STREET  0","033A","D","001.00","000","033A D 00100 000","","","City","8/27/1990"
"PORTLAND CITY OF","NORTH RUSSELL STREET  0","033A","E","005.01","000","033A E 00501 000","","","City","9/27/1990"
"PORTLAND CITY OF","N RUSSELL ST  117","033A","E","010.02","000","033A E 01002 000","","","City","1/14/2012"
"PORTLAND CITY OF","NORTH STREET  0","033B","A","019.00","000","033B A 01900 000","","","City","12/31/1998"
"PORTLAND CITY OF","NORTH STREET  0","033B","A","020.00","000","033B A 02000 000","","","City","12/18/1995"
"PORTLAND CITY OF","PORTLAND BOULEVARD  321","033B","C","019.00","000","033B C 01900 000","VOSS ADD","IST","City","12/19/2006"
"PORTLAND CITY OF","PORTLAND BOULEVARD  311","033B","C","023.00","000","033B C 02300 000","","","City","9/23/1994"
"PORTLAND CITY OF","PORTLAND BOULEVARD  301","033B","C","024.00","000","033B C 02400 000","","","City","4/22/1971"
"PORTLAND CITY OF","HIGH STREET  104","033G","A","020.00","000","033G A 02000 000","","","City","7/17/2009"
"PORTLAND CITY OF","GLEN SMITH DRIVE  103","033G","B","011.00","000","033G B 01100 000","","","City","2/3/1999"
"PORTLAND CITY OF","GLEN SMITH DRIVE  101","033G","B","012.00","000","033G B 01200 000","","","City","1/9/1998"
"PORTLAND CITY OF","S RUSSELL ST  100","033G","B","013.00","000","033G B 01300 000","","","City","10/7/1972"
"PORTLAND CITY OF","RUSSELL STREET  0","033G","B","014.00","000","033G B 01400 000","","","City",""
"PORTLAND CITY OF","SOUTH RUSSELL STREET  202","033G","B","015.00","000","033G B 01500 000","","","City","10/9/2019"
"PORTLAND CITY OF","ROBIN DR & WHEELER AVE  0","033G","C","023.00","000","033G C 02300 000","","","City",""
"PORTLAND CITY OF","WESTMORELAND ROAD  0","033G","E","021.01","000","033G E 02101 000","","","City","7/18/2000"
"PORTLAND CITY OF","COLLEGE STREET  0","033H","C","018.01","000","033H C 01801 000","","","City","9/18/1991"
"PORTLAND CITY OF","RUSSELL STREET  0","033H","D","001.00","000","033H D 00100 000","","","City","12/31/1974"
"PORTLAND CITY OF","WHEELER STREET  0","033H","D","002.00","000","033H D 00200 000","","","City","12/12/2002"
"PORTLAND CITY OF","NORTH BROADWAY  107","033H","D","003.00","000","033H D 00300 000","","","City","1/10/2020"
"PORTLAND CITY OF","CHURCH STREET  0","033H","D","005.01","000","033H D 00501 000","","","City","5/30/1989"
"PORTLAND CITY OF","109N HWY  0","033H","D","014.00","000","033H D 01400 000","","","City","12/12/2002"
"PORTLAND CITY OF","MAIN STREET & 109 HWY  0","033H","D","015.00","000","033H D 01500 000","","","City","12/31/1974"
"PORTLAND CITY OF","MAIN ST & RUSSELL ST  0","033H","D","027.00","000","033H D 02700 000","","","City","12/31/1974"
"PORTLAND CITY OF","MARKET STREET E 106","033H","D","037.00","000","033H D 03700 000","","","City","12/31/1974"
"PORTLAND CITY OF","MARKET STREET E 106","033H","D","038.00","000","033H D 03800 000","","","City","10/20/1977"
"PORTLAND CITY OF","MARKET STREET E 106","033H","D","039.00","000","033H D 03900 000","","","City","12/12/2002"
"PORTLAND CITY OF","LEONA STREET  0","033H","E","001.00","000","033H E 00100 000","","","City","2/22/1983"
"PORTLAND CITY OF","LEONA STREET  0","033H","E","020.00","000","033H E 02000 000","","","City","5/7/1983"
"PORTLAND CITY OF","WEST MARKET STREET  0","033H","G","002.01","000","033H G 00201 000","","","City","11/7/1980"
"PORTLAND CITY OF","MARKET STREET  0","033H","G","003.00","000","033H G 00300 000","","","City","6/30/1982"
"PORTLAND CITY OF","WEST MARKET STREET  115","033H","G","004.00","000","033H G 00400 000","","","City","3/15/2017"
"PORTLAND CITY OF","MARKET STREET  0","033H","G","006.00","000","033H G 00600 000","","","City","6/25/1982"
"PORTLAND CITY OF","MARKET STREET  0","033H","G","010.00","000","033H G 01000 000","","","City","12/20/2002"
"PORTLAND CITY OF","CHURCH STREET  0","033H","G","027.00","000","033H G 02700 000","","","City","2/6/1981"
"PORTLAND CITY OF","MARKET STREET  0","033H","H","005.01","000","033H H 00501 000","","","City","3/31/1981"
"PORTLAND CITY OF","MARKET STREET  0","033H","J","002.01","000","033H J 00201 000","","","City","5/24/1981"
"PORTLAND CITY OF","SANDYE AVENUE  0","033H","J","009.01","000","033H J 00901 000","PURYEAR","P/04","City","10/13/1980"
"PORTLAND CITY OF","SANDYE AVENUE E OFF  0","033H","J","010.01","000","033H J 01001 000","","","City","4/24/1981"
"PORTLAND CITY OF","SANDYE AVENUE  0","033H","J","011.01","000","033H J 01101 000","PURYEAR","P/06","City","11/18/1980"
"PORTLAND CITY OF","SANDYE AVENUE  0","033H","J","012.00","000","033H J 01200 000","PURYEAR","0007","City","10/13/1980"
"PORTLAND CITY OF","OAK STREET  0","033I","A","009.00","000","033I A 00900 000","PURYEAR SD","0021","City","4/9/1982"
"PORTLAND CITY OF","OAK STREET  0","033I","A","011.00","000","033I A 01100 000","PURYEAR","","City","5/27/2014"
"PORTLAND CITY OF","OAK STREET  106","033I","B","015.00","000","033I B 01500 000","","","City","10/9/2001"
"PORTLAND CITY OF","STRAWBERRY STREET  0","033I","D","026.00","000","033I D 02600 000","PURYEAR SUB","0083","City","3/23/1981"
"PORTLAND CITY OF","STRAWBERRY STREET  0","033I","E","005.00","000","033I E 00500 000","PURYEAR S/D","IST","City","9/30/1983"
"PORTLAND CITY OF","LIBERTY STREET  0","033I","E","017.00","000","033I E 01700 000","PURYEAR S D","IST","City","10/1/1981"
"PORTLAND CITY OF","BROADWAY SOUTH  701","033P","A","004.00","000","033P A 00400 000","","","City","5/3/2007"
"PORTLAND CITY OF","JACKSON ROAD  0","033P","A","019.01","000","033P A 01901 000","","","City","8/25/1981"
"PORTLAND CITY OF","JACKSON ROAD  0","033P","A","019.02","000","033P A 01902 000","","","City","8/25/1981"
"PORTLAND CITY OF","OAK HILL ROAD  0","034","","020.05","000","034    02005 000","","","City","2/25/1992"
"PORTLAND CITY OF","OAK HILL ROAD  0","034","","020.06","000","034    02006 000","","","City","2/25/1992"
"PORTLAND CITY OF","MORNINGSIDE DRIVE  122","034","","027.00","000","034    02700 000","","","City","5/25/1985"
"PORTLAND CITY OF","MORNINGSIDE DRIVE  124","034","","028.00","000","034    02800 000","","","City","5/18/1961"
"PORTLAND CITY OF","WEST MARKET STREET  0","034","","029.01","000","034    02901 000","","","City","4/18/2017"
"PORTLAND CITY OF","OAK HILL DRIVE  0","034D","A","009.05","000","034D A 00905 000","","","City","8/15/1996"
"PORTLAND CITY OF","COLLEGE STREET  0","034D","A","012.01","000","034D A 01201 000","","","City","6/17/2015"
"PORTLAND CITY OF","MORNINGSIDE DRIVE  475","034D","A","024.02","000","034D A 02402 000","","","City","2/23/1988"
"PORTLAND CITY OF","FLEX DRIVE  0","039","","014.16","000","039    01416 000","","","City","11/7/1994"
"PORTLAND CITY OF","109N HWY  0","039","","033.01","000","039    03301 000","","","City","5/15/2001"
"PORTLAND CITY OF","52 HWY  0","042","","011.01","000","042    01101 000","","","City","9/26/1977"
"PORTLAND CITY OF","WILLOW LAKE DRIVE  0","052B","B","013.01","000","052B B 01301 000","","","City","7/24/1996"
"PORTLAND CITY OF","WILLOW LAKE DRIVE  0","052C","B","003.01","000","052C B 00301 000","","","City","8/23/1996"
"PORTLAND CITY OF AIRPORT COMMISSION","PARKERS CHAPEL ROAD  0","020","","054.00","000","020    05400 000","","","City","11/8/2024"
"PORTLAND CITY OF FRED J WHITE MUNICIPAL BLD","MORNINGSIDE DRIVE  128","019","","121.01","000","019    12101 000","","","City","5/20/1992"
"PORTLAND CITY OF PHA %DONNA BUNTIN","STRAWBERRY STREET  0","033I","D","027.00","000","033I D 02700 000","","","City","1/14/1987"
"PORTLAND CITY OF TENNESSEE","WHEELER STREET  0","033A","E","010.00","000","033A E 01000 000","","","City","10/27/1992"
"PORTLAND CITY OF TENNESSEE","NORTH RUSSELL STREET  712","020G","A","008.00","000","020G A 00800 000","SHANNON ESTATES SEC-","16","City","5/23/2019"
"PORTLAND CITY OF TENNESSEE","NORTH RUSSELL STREET  712","020G","A","009.00","000","020G A 00900 000","SHANNON ESTATES SEC-","15","City","5/23/2019"
"PORTLAND CITY OF TN","WHEELER STREET  0","033G","A","012.00","000","033G A 01200 000","","","City","8/20/2018"
"PORTLAND CITY OF TN","WHEELER STREET  0","033G","A","013.00","000","033G A 01300 000","","","City","8/20/2018"
"PORTLAND CITY OF TN","HIGH STREET  0","033G","A","019.00","000","033G A 01900 000","","","City","11/26/2018"
"PORTLAND CITY OF TN","BROADWAY SOUTH  205","033H","H","025.00","000","033H H 02500 000","","","City","11/23/2019"
"PORTLAND LITTLE LEAGUE BASEBALL INC","WEST MARKET STREET  110","033H","H","008.00","000","033H H 00800 000","","2","City","11/1/2017"
"PORTLAND LITTLE LEAGUE BASEBALL INC","LITTLE LEAGUE DRIVE  0","033H","H","009.00","000","033H H 00900 000","","","City","10/29/2011"
"PORTLANDCITY OF","VETERANS DRIVE OFF  0","016","","088.04","000","016    08804 000","","","City","3/16/2000"
"SUMNER COUNTY & PORTLAND, CITY OF","109N HWY  0","039","","033.02","000","039    03302 000","","1","City","3/10/2016"
"WESTMORELAND CITY OF","CITY PARK ROAD  0","027","","013.01","000","027    01301 000","","","City","8/1/1997"
"WESTMORELAND CITY OF","SADDLE CLUB LANE  0","027","","014.02","000","027    01402 000","","","City","2/9/1978"
"WESTMORELAND CITY OF","LAKE ROAD  0","027","","028.00","000","027    02800 000","","","City","5/2/2013"
"WESTMORELAND CITY OF","BALL PARK ROAD  1003","028","","046.02","000","028    04602 000","","","City","5/13/1978"
"WESTMORELAND CITY OF","BENTLE DRIVE  4050","028M","A","019.00","000","028M A 01900 000","","","City","12/6/2023"
"WESTMORELAND CITY OF","EPPERSON SPRINGS ROAD  2601","044","","108.01","000","044    10801 000","","","City","10/7/2013"
"WESTMORELAND CITY OF","AUSTIN PEAY HWY  4751","044C","A","007.01","000","044C A 00701 000","","","City","11/20/1978"
"WESTMORELAND CITY OF","KELLY BOULEVARD  0","044D","A","012.00","000","044D A 01200 000","","","City","4/11/1958"
"WESTMORELAND CITY OF","PARK STREET  1001","044D","B","003.00","000","044D B 00300 000","","","City","9/24/1981"
"WESTMORELAND CITY OF","PARK STREET  0","044D","B","025.00","000","044D B 02500 000","","","City","4/25/1989"
"WESTMORELAND CITY OF","PARK STREET  0","044D","B","026.00","000","044D B 02600 000","","","City",""
"WESTMORELAND CITY OF","AUSTIN PEAY HWY  5003","044D","B","027.00","000","044D B 02700 000","","","City",""
"WESTMORELAND CITY OF","PLEASANT GROVE ROAD  0","044D","B","028.00","000","044D B 02800 000","","","City","4/25/1989"
"WESTMORELAND CITY OF","EPPERSON SPRINGS ROAD  0","044D","C","017.00","000","044D C 01700 000","","","City","5/3/1978"
"WESTMORELAND CITY OF","AUSTIN PEAY HWY  5300","044E","A","027.00","000","044E A 02700 000","","","City",""
"WESTMORELAND CITY OF","EPPERSON SPRINGS ROAD  0","044E","A","028.00","000","044E A 02800 000","","","City",""
"WESTMORELAND CITY OF","AUSTIN PEAY HWY  5310","044E","A","029.00","000","044E A 02900 000","","","City","6/28/1988"
"WESTMORELAND CITY OF","PLEASANT GROVE ROAD  1044","044E","B","009.00","000","044E B 00900 000","","","City","12/29/2006"
"WESTMORELAND CITY OF","PLEASANT GROVE ROAD  0","044E","B","010.00","000","044E B 01000 000","","","City","12/29/2006"
"WESTMORELAND CITY OF","HILCREST ROAD  0","044E","C","020.01","000","044E C 02001 000","","","City","10/9/1976"
"WESTMORELAND CITY OF","OAK STREET  0","044E","E","001.00","000","044E E 00100 000","","","City",""
"WESTMORELAND CITY OF","EPPERSON SPRINGS ROAD  0","044E","E","007.00","000","044E E 00700 000","","","City","5/3/1985"
"WESTMORELAND CITY OF","PLEASANT GROVE ROAD  802","044E","E","007.01","000","044E E 00701 000","","","City","3/24/1983"
"WESTMORELAND CITY OF","POPLAR STREET  0","044E","E","009.01","000","044E E 00901 000","","","City","12/10/1985"
"WESTMORELAND CITY OF","POPLAR STREET & OAK STREET  0","044E","E","010.00","000","044E E 01000 000","","","City","3/1/1957"
"WESTMORELAND CITY OF","HARRISON STREET  0","044E","E","018.02","000","044E E 01802 000","","","City","5/1/1996"
"WESTMORELAND CITY OF","LOCUST STREET  0","044E","F","018.00","000","044E F 01800 000","","","City","1/5/1989"
"WESTMORELAND CITY OF","LITTLE TUNNEL ROAD  0","044E","F","018.01","000","044E F 01801 000","","","City","1/5/1989"
"WESTMORELAND CITY OF","52 HWY  0","045","","028.01","000","045    02801 000","","","City",""
"WESTMORELAND CITY OF","31E HWY OLD  6339","064","","049.08","000","064    04908 000","","","City","12/22/2008"
"WESTMORELAND CITY OF IDB TN C/O HEIBAR INSTALLATION INC","PLEASANT GROVE ROAD  1720","027","","013.00","000","027    01300 000","","","City","9/26/2019"
"WESTMORELAND CIVIL DEFENSE LOCAL 169","WALNUT  0","044D","A","017.00","000","044D A 01700 000","","","City","11/20/1987"
"WESTMORELAND CIVIL DEFENSE TRUSTEES FOR","CHIEF JENKINS WAY  1204","044D","A","018.00","000","044D A 01800 000","","","City","7/3/1984"
"WESTMORELAND IND DEV BOARD","FLEETWOOD DRIVE  4011","028M","A","010.00","000","028M A 01000 000","","","City","12/1/2009"
"WESTMORELAND IND DEV BOARD","BENTLE DRIVE  4049","028M","A","018.00","000","028M A 01800 000","","","City","12/1/2009"
"WHITE HOUSE CITY OF","PORTLAND RD  0","075","","086.00","000","075    08600 000","","R3","City","3/6/2003"
"WHITE HOUSE CITY OF","PORTLAND ROAD  0","077","","004.01","000","077    00401 000","","","City","10/31/1985"
"WHITE HOUSE CITY OF","BRINKLEY LANE  512","077","","018.00","000","077    01800 000","","","City","5/14/2003"
"WHITE HOUSE CITY OF","BRINKLEY LANE  520","077","","018.05","000","077    01805 000","","","City","7/27/2007"
"WHITE HOUSE CITY OF","PORTLAND ROAD  0","077","","025.02","000","077    02502 000","","","City","1/27/2003"
"WHITE HOUSE CITY OF","TYREE SPRINGS ROAD  216","077","","070.00","000","077    07000 000","","","City","5/17/2001"
"WHITE HOUSE CITY OF","PALMERS CHAPEL ROAD  0","077","","070.12","000","077    07012 000","JOHN COPE PROP","","City","5/17/2001"
"WHITE HOUSE CITY OF","COLLEGE STREET  105","077","","073.00","000","077    07300 000","","","City","3/15/2017"
"WHITE HOUSE CITY OF","31W HWY  0","077","","081.02","000","077    08102 000","","","City","10/19/2000"
"WHITE HOUSE CITY OF","31W HWY  3206","077G","C","015.00","000","077G C 01500 000","","","City","7/14/2008"
"WHITE HOUSE CITY OF","31W HWY COLLEGE STREET  0","077G","D","001.00","000","077G D 00100 000","CLEVIE JERNIGAN PROP","1B","City","9/30/2003"
"WHITE HOUSE CITY OF","31W HWY  0","077G","D","001.01","000","077G D 00101 000","CLEVIE JERNIGAN PROP","2","City","1/14/1992"
"WHITE HOUSE CITY OF","31W HWY  0","077G","D","001.02","000","077G D 00102 000","CLEVIE L JERNIGAN PR","1A","City","1/14/1992"
"WHITE HOUSE CITY OF","TYREE SPRINGS ROAD  0","096","","006.01","000","096    00601 000","","","City","12/17/1992"
"WHITE HOUSE CITY OF","PALMERS CHAPEL ROAD  0","096F","A","010.01","000","096F A 01001 000","","","City","9/29/1993"
"WHITE HOUSE CITY OF","31W HWY  0","097","","005.00","000","097    00500 000","","","City","3/10/1999"
"WHITE HOUSE CITY OF","31W HWY  0","097","","005.01","000","097    00501 000","","","City","7/26/2017"
"WHITE HOUSE CITY OF","NORTHWOODS DRIVE  201","097L","B","017.00","000","097L B 01700 000","NORTHWOODS PH 6 SEC","89","City","10/3/1995"
"WHITE HOUSE CITY OF","NORTHWOODS DRIVE  0","097L","B","018.00","000","097L B 01800 000","NORTHWOODS PH 6 SEC","OS","City","10/3/1995"
"WHITE HOUSE CITY OF AT&T MOBILITY LLC C/O","CARMACK DRIVE  161","077","","073.00","001","077    07300 001","","","City","9/27/2016"
"WHITE HOUSE CITY OF ATTN: GERALD HERMAN","BYRUM DRIVE  100","077","","054.00","000","077    05400 000","","","City","7/16/2020"
"WHITE HOUSE CITY OF ATTN: GERALD HERMAN","PALMERS CHAPEL ROAD  0","077","","054.01","000","077    05401 000","","","City","7/16/2020"
"WHITE HOUSE CITY OF TN","31W HWY  0","077","","073.01","000","077    07301 000","","","City","2/6/2014"
"WHITE HOUSE COMMUNITY FIRE DEPARTMENT IN","31W HWY  4238","056","","006.00","000","056    00600 000","","","City","4/21/2017"
"WHITE HOUSE COMMUNITY VOLUNTEER FIRE DEPT","31W HWY  1916","099","","008.08","000","099    00808 000","POPLAR RIDGE 31W SUB","1","City","7/15/1993"
"WHITE HOUSE HOUSING INC","WHITSON COURT  304","077J","B","024.00","000","077J B 02400 000","VALLEY VIEW, SEC. 1","64","City","4/3/1981"
"WHITE HOUSE HOUSING INC","WHITSON COURT  308","077J","B","025.00","000","077J B 02500 000","VALLEY VIEW, SEC. 1","65","City","4/3/1981"
"WHITE HOUSE HOUSING INC","WHITSON COURT  312","077J","B","026.00","000","077J B 02600 000","VALLEY VIEW, SEC. 1","66","City","4/3/1981"
"WHITE HOUSE HOUSING INC","WHITSON COURT  313","077J","B","027.00","000","077J B 02700 000","VALLEY VIEW, SEC. 1","67","City","4/3/1981"
"WHITE HOUSE HOUSING INC","WHITSON COURT  309","077J","B","028.00","000","077J B 02800 000","VALLEY VIEW, SEC. 1","68","City","4/3/1981"
"WHITE HOUSE HOUSING INC","WHITSON COURT  305","077J","B","029.00","000","077J B 02900 000","VALLEY VIEW, SEC. 1","69","City","4/3/1981"
"WHITE HOUSE HOUSING INC","WHITSON COURT  301","077J","B","030.00","000","077J B 03000 000","VALLEY VIEW , SEC. 1","70","City","4/3/1981"
"WHITEHOUSE CITY OF","PALMERS CHAPEL ROAD  0","077","","042.02","000","077    04202 000","","","City","10/19/2006"