YEAR,COUNTY,PROJ_TYPE,FILING_DATE,CASE_NO,LESSEE,PROPERTY_ADDRESS,CITY,PARCEL_ID,PROP_TYPE,PROP_CODE,CONTACT,CONTACT_TITLE,EMAIL,EST_VALUE,RENT,PILOT_CITY,PILOT_COUNTY,LH_TAX,LEASE_BEGIN,LEASE_END,REPORTING_FLAG,SOURCE_NOTE
2016,Hamilton,HED,9/23/2016,,"1251 Market St, Suite 100",1251 Market St,Chattanooga,145L01301C001,,HE-5,"Thomas, Johnson, Chief Manager",,tjsolar@bellsouth.net,175100.0,0.0,1762.0,2143.0,,NO INFO,12/31/2020,N,LESSEE field may actually be a property address in source PDF (2016 filing anomaly) - verify manually
2016,,IDB,8/25/2016,,Alstom,1201 RIVERFRONT PARKWAY,Chattanooga,145G A 002,,ID1,"Steve Quataert, Manager  Property Tax",,steven.quataert@ge.com,,,,,,6/26/2008,12/31/2024,,
2016,,IDB,8/25/2016,,Alstom,1201 RIVERFRONT PARKWAY,Chattanooga,145G A 002.05,,ID1,"Steve Quataert, Manager  Property Tax",,steven.quataert@ge.com,,,,,,6/26/2008,12/31/2025,,
2016,,IDB,8/25/2016,,Alstom,1201 RIVERFRONT PARKWAY,Chattanooga,145J A 004.01,,ID1,"Steve Quataert, Manager  Property Tax",,steven.quataert@ge.com,,,,,,6/26/2008,12/31/2026,,
2016,,IDB,12/13/2016,,Amazon.com.dedc LLC,7200 VOLKSWAGEN DRIVE,Chattanooga,040158,,ID1,"Erin O'Neal, Property Tax Compliance Manager",,propertytax@amazon.com,33251315.0,0.0,133000.0,0.0,,1/1/2012,1/1/2023,Y,
2016,,IDB,12/13/2016,,Amazon.com.dedc LLC,7200 VOLKSWAGEN DRIVE,Chattanooga,139074,,ID1,"Erin O'Neal, Property Tax Compliance Manager",,propertytax@amazon.com,58834300.0,0.0,323000.0,0.0,,1/1/2012,1/1/2023,Y,
2016,,IDB,9/7/2016,,"Astec, Inc.",1202 E. 39TH STREET,Chattanooga,1033462P,,D1,"Gary Heinemann, Corporate Tax Director",,gheinemann@astecindustries.com,2955106.0,,11405.0,13659.0,,1/1/2007,12/31/2017,N,
2016,,IDB,9/7/2016,,"Astec, Inc.",1202 E. 39TH STREET,Chattanooga,168AP01400,,D1,"Gary Heinemann, Corporate Tax Director",,gheinemann@astecindustries.com,365000.0,,6769.0,8106.0,,1/1/2007,12/31/2017,N,
2016,,IDB,9/7/2016,,"Astec, Inc.",1202 E. 39TH STREET,Chattanooga,031917,,D1,"Gary Heinemann, Corporate Tax Director",,gheinemann@astecindustries.com,1465800.0,,3742.0,4481.0,,1/1/2007,12/31/2017,Y,
2016,,IDB,9/7/2016,,"Astec, Inc.",1202 E. 39TH STREET,Chattanooga,148GG005,,D1,"Gary Heinemann, Corporate Tax Director",,gheinemann@astecindustries.com,365000.0,,1686.0,2019.0,,1/1/2007,12/31/2017,Y,
2016,,IDB,9/26/2016,,BlueCross BlueShield of Tennessee,1 CAMERON HILL CIRCLE,Chattanooga,135N B005,,ID4,"Robert Maedgen, Financial Coordinator",,Robert_Maedgen@bcbst.com,88068045.0,4525993.0,383756.0,459576.0,,3/1/2008,12/31/2028,Y,
2016,,IDB,9/26/2016,,BlueCross BlueShield of Tennessee,1 CAMERON HILL CIRCLE,Chattanooga,135N B005.01,,ID4,"Robert Maedgen, Financial Coordinator",,Robert_Maedgen@bcbst.com,98590867.0,5066782.0,429474.0,514327.0,,3/1/2008,12/31/2028,Y,
2016,,IDB,9/26/2016,,BlueCross BlueShield of Tennessee,1 CAMERON HILL CIRCLE,Chattanooga,135NB005.02,,ID4,"Robert Maedgen, Financial Coordinator",,Robert_Maedgen@bcbst.com,841088.0,43225.0,3939.0,4717.0,,3/1/2008,12/31/2028,Y,
2016,,IDB,11/4/2016,,Coca Cola Bottling Co. United Inc.,6060 SHALLOWFOOD RD,Chattanooga,1380B00103,,ID1,"Jonathan DeWaard, Tax Director",,JonDewaard@ccbcu.com,45000000.0,0.0,119989.0,146655.0,,4/23/2014,1/1/2028,Y,
2016,Hamilton,IDB,11/4/2016,,Coca Cola Bottling Co. United Inc.,6060 SHALLOWFOOD RD,Chattanooga,047001,,ID1,"Jonathan DeWaard, Tax Director",,JonDewaard@ccbcu.com,1500000.0,0.0,28287.0,34593.0,,4/23/2014,1/1/2028,Y,
2016,,IDB,8/23/2016,,Columbus McKinnon Corporation,3510 NORTH ORCHARD KNOB AVE,Chattanooga,,,ID1,"Hershel Franklin, Cost Accountant",,jeff.franklin@cmworks.com,8009717.0,1.0,13957.0,16715.0,,1/1/2014,12/31/2017,Y,
2016,,IDB,9/28/2016,,"FedEx Ground Package Systems, Inc.",3021 ALTON PARK BLVD,Chattanooga,155FD004,,ID1,,,,4543960.0,0.0,52460.0,62824.0,0.0,10/2/2008,10/1/2016,Y,
2016,,IDB,9/28/2016,,"FedEx Ground Package Systems, Inc.",3021 ALTON PARK BLVD,Chattanooga,1038628,,ID1,,,,1295056.0,0.0,14951.0,17905.0,0.0,10/2/2008,10/1/2016,Y,
2016,,HED,9/27/2016,,"Frazier Place, LLC",330 FRAZIER AVENUE,Chattanooga,135EN004,,HE5,"J. Robert McKenzie, Authorized Agent",,bmckenzie1554@gmail.com,4000000.0,1369.0,7233.0,9502.0,,12/3/2003,12/31/2018,N,
2016,,IDB,10/3/2016,,"Gestamp Chattanooga II, LLC",3063 HICKORY VALLEY RD,Chattanooga,13000134,,1,"Kellen Gibson, Accountant",,kgibson@us.gestamp.com,3885300.0,,,,,12/12/2015,1/1/2027,Y,
2016,,IDB,10/3/2016,,"Gestamp Chattanooga II, LLC",3063 HICKORY VALLEY RD,Chattanooga,048704,,1,"Kellen Gibson, Accountant",,kgibson@us.gestamp.com,65244.0,,,,,12/12/2015,1/1/2027,Y,
2016,,IDB,10/3/2016,,"Gestamp Chattanooga, LLC",3063 HICKORY VALLEY RD,Chattanooga,130001.25,,1,"Kellen Gibson, Accountant",,kgibson@us.gestamp.com,28023400.0,,,,,12/12/2015,1/1/2027,Y,
2016,,IDB,10/3/2016,,"Gestamp Chattanooga, LLC",3063 HICKORY VALLEY RD,Chattanooga,#038692,,1,"Kellen Gibson, Accountant",,kgibson@us.gestamp.com,18585225.0,,,,,12/12/2015,1/1/2027,Y,
2016,,IDB,10/3/2016,,"Gestamp Chattanooga, LLC",3063 HICKORY VALLEY RD,Chattanooga,130001.256,,1,"Kellen Gibson, Accountant",,kgibson@us.gestamp.com,975600.0,,,,,12/12/2015,1/1/2027,Y,
2016,,IDB,10/3/2016,,"Gestamp Chattanooga, LLC",3063 HICKORY VALLEY RD,Chattanooga,#049271,,1,"Kellen Gibson, Accountant",,kgibson@us.gestamp.com,280973.0,,,,,12/12/2015,1/1/2027,Y,
2016,,IDB,10/3/2016,,"Gestamp Chattanooga, LLC",3063 HICKORY VALLEY RD,Chattanooga,130001.27,,1,"Kellen Gibson, Accountant",,kgibson@us.gestamp.com,342400.0,,,,,12/12/2015,1/1/2027,Y,
2016,,IDB,10/3/2016,,"Gestamp Chattanooga, LLC",3063 HICKORY VALLEY RD,Chattanooga,130001.28,,1,"Kellen Gibson, Accountant",,kgibson@us.gestamp.com,829800.0,,,,,12/12/2015,1/1/2027,Y,
2016,,IDB,10/3/2016,,"Gestamp Chattanooga, LLC",3063 HICKORY VALLEY RD,Chattanooga,138I A 003,,1,"Kellen Gibson, Accountant",,kgibson@us.gestamp.com,6745500.0,,,,,12/12/2015,1/1/2027,Y,
2016,,IDB,10/3/2016,,"Gestamp Chattanooga, LLC",3063 HICKORY VALLEY RD,Chattanooga,#048703,,1,"Kellen Gibson, Accountant",,kgibson@us.gestamp.com,212967.0,,,,,12/12/2015,1/1/2027,Y,
2016,,IDB,9/7/2016,,"Heatec, Inc.",5200 WILSON RD,Chattanooga,167MA001.1,,D1,"Gary Heinemann, Corporate Tax Director",,gheinemann@astecindustries.com,2866000.0,,13235.0,1441.0,,1/1/2007,12/31/2017,Y,
2016,,IDB,9/7/2016,,"Heatec, Inc.",5200 WILSON RD,Chattanooga,031919,,D1,"Gary Heinemann, Corporate Tax Director",,gheinemann@astecindustries.com,330715.0,,1441.0,1726.0,,1/1/2007,12/31/2017,Y,
2016,,IDB,9/8/2016,,"Invista S.A.R.L. (Formerly Invista, Inc.)",4501 NORTH ACCESS ROAD,Chattanooga,1110PB001 L001,,ID1,"Kyle Turner, Tax Director",,kyle.turner@kochind.com,1000000.0,,16431.0,19677.0,,1/1/1998,1/1/2018,Y,
2016,,IDB,9/8/2016,,"Invista S.A.R.L. (Formerly Invista, Inc.)",4501 NORTH ACCESS ROAD,Chattanooga,029337,,ID1,"Kyle Turner, Tax Director",,kyle.turner@kochind.com,102565.0,,2606.0,3121.0,,1/1/1998,1/1/2018,Y,
2016,,IDB,8/16/2016,,Jarnigan Road III/EMJ Corp.,2034 HAMILTON PLACE BLVD,Chattanooga,148M G 005.01,,R,"Mark Stephens, Property Tax Admin.",,mark.stephens@cblproperties.com,15000000.0,,46180.0,55304.0,,2/1/2008,1/1/2021,Y,
2016,,IDB,8/16/2016,,Jarnigan Road III/EMJ Corp.,2034 HAMILTON PLACE BLVD,Chattanooga,per 035391,,R,"Mark Stephens, Property Tax Admin.",,mark.stephens@cblproperties.com,200000.0,,752.0,901.0,,2/1/2008,1/1/2021,Y,
2016,,HED,10/17/2016,,MK LLC,1421 MARKET STREET,Chattanooga,,,HE032,"Morgan G. Adams, Chief Manager",,adams@truckwreckjustice.com,735480.0,0.0,4698.0,0.0,,3/16/2005,12/31/2021,Y,
2016,,IDB,9/21/2016,,McKee Foods Corporation,10638 APISON PIKE,Collegedale,PER 1034595,,1,"Leisa Cagle, VP Controller",,lori.perkins@mckee.com,11680053.0,0.0,24020.0,48446.0,0.0,8/5/2008,1/1/2020,N,
2016,,IDB,9/21/2016,,McKee Foods Corporation,10638 APISON PIKE,Collegedale,2C 151 151 036,,1,"Leisa Cagle, VP Controller",,lori.perkins@mckee.com,10160800.0,0.0,27860.0,56193.0,0.0,8/5/2008,1/1/2020,N,
2016,,IDB,9/30/2016,,"Plastic Ominium Auto Exteriors, LLC",3241 HICKORY VALLEY ROAD,Chattanooga,130 00133,,ID-1,"Carl Hartley, Attorney",,chartley@bakerdonelson.com,19001200.0,,,,,8/20/2014,1/1/2026,Y,
2016,,IDB,9/30/2016,,"Plastic Ominium Auto Exteriors, LLC",3241 HICKORY VALLEY ROAD,Chattanooga,46992,,ID-1,"Carl Hartley, Attorney",,chartley@bakerdonelson.com,14389413.0,,,,,8/20/2014,1/1/2026,Y,
2016,,IDB,9/20/2016,,Provident Life & Accident Insurance Company,437 WALNUT STREET,Chattanooga,135MF019,,3,"Margie Watson, Manager Administrative Services",,mwatson@unum.com,5040600.0,,11639.0,13938.0,,11/22/2002,11/22/2017,Y,
2016,,IDB,9/20/2016,,Provident Life & Accident Insurance Company,437 WALNUT STREET,Chattanooga,132ME001,,3,"Margie Watson, Manager Administrative Services",,mwatson@unum.com,7006800.0,,19414.0,23250.0,,3/1/2011,3/1/2026,Y,
2016,,IDB,10/6/2016,,River City Company,311 BROAD STREET,Chattanooga,135NBA003,,ID20,"Kim White, President",,kwhite@riversitycompany.com,7702298.0,0.0,0.0,58229.0,,12/12/2008,12/31/2024,Y,
2016,,IDB,9/7/2016,,"Roadtec, Inc.",800 MANUFACTURERS ROAD,Chattanooga,135JB001,,D1,"Gary Heinemann, Corporate Tax Director",,gheinemann@astecindustries.com,3133900.0,,14472.0,17332.0,,1/1/2007,12/31/2017,Y,
2016,,IDB,9/7/2016,,"Roadtec, Inc.",800 MANUFACTURERS ROAD,Chattanooga,031918,,D1,"Gary Heinemann, Corporate Tax Director",,gheinemann@astecindustries.com,1223187.0,,5512.0,6601.0,,1/1/2007,12/31/2017,Y,
2016,,HED,9/23/2016,,South Market,,Chattanooga,145EL01301C001,,HE5,"Thomas Johnson, Chief Manager",,tjsolar@bellsouth.net,175100.0,0.0,1762.0,2143.0,,4/17/2002,12/31/2020,N,
2016,,IDB,9/26/2016,,Southern Champion Tray,220 COMPRESS ST,Chattanooga,127L A 022.01,,1,"Kevin Cardwell, Controller",,kcardwell@sctray.com,8607800.0,0.0,0.0,0.0,68369.0,NO INFO,1/1/2023,Y,
2016,,IDB,9/26/2016,,Southern Champion Tray,220 COMPRESS ST,Chattanooga,127L A 023,,1,"Kevin Cardwell, Controller",,kcardwell@sctray.com,2000800.0,0.0,0.0,0.0,11947.0,NO INFO,1/1/2023,Y,
2016,,IDB,9/26/2016,,Southern Champion Tray,220 COMPRESS ST,Chattanooga,#046890,,1,"Kevin Cardwell, Controller",,kcardwell@sctray.com,2925372.0,0.0,0.0,0.0,45983.0,NO INFO,1/1/2023,Y,
2016,,HED,8/23/2016,,"Standifer Place Properties, LLC",3400 JENKINS RD,Chattanooga,13900302,,HE2,"Stephen Burns, Assistant Manager Opperational",,sburns@nhccare.com,16435172.0,,,,,1/1/2003,1/1/2052,Y,
2016,,HED,8/23/2016,,"Standifer Place Properties, LLC",3400 JENKINS RD,Chattanooga,1022310,,HE2,"Stephen Burns, Assistant Manager Opperational",,sburns@nhccare.com,2366902.0,,,,,1/1/2003,1/1/2052,Y,
2016,,HED,9/30/2016,,"The Bread Factory, LLC",1615 COWART ST,Chattanooga,145KK014,,HE5,"Jason Whipple, Vice President",,jwhipple@burlingtoncapital.com,2700000.0,230184.0,4637.0,5583.0,,NO INFO,10/1/2018,N,
2016,,HED,8/29/2016,,UTC Five LLC,,Chattanooga,135MG008,,12,Brian Ullrich,,bullrich@walk2campus.com,166320.0,0.0,3840.0,4599.0,,12/1/2012,12/31/2024,N,
2016,,HED,8/29/2016,,UTC Three LLC,,Chattanooga,146HE001,,12,Brian Ullrich,,bullrich@walk2campus.com,1409000.0,0.0,5790.0,6934.0,,12/1/2012,1/1/2035,N,
2016,,HED,8/29/2016,,UTC Two LLC,,Chattanooga,145DB012,,12,Brian Ullrich,,bullrich@walk2campus.com,1471000.0,0.0,9554.0,11441.0,,12/1/2012,12/31/2024,N,
2016,,HED,8/29/2016,,UTC Two LLC,,Chattanooga,145DB008,,12,Brian Ullrich,,bullrich@walk2campus.com,65500.0,0.0,594.0,711.0,,12/1/2012,12/31/2024,N,
2016,,IDB,9/23/2016,,Volkwagen Group of America Chatt. Oper.,8001 VOLKSWAGEN DRIVE,Chattanooga,1300011824,,ID1,"Lorraine Hennessey, Tax Manager",,lorraine.hennessey@vw.com,399016064.0,,,1858544.0,,1/1/2010,1/1/2040,Y,
2016,,IDB,9/23/2016,,Volkwagen Group of America Chatt. Oper.,8001 VOLKSWAGEN DRIVE,Chattanooga,1038312,,ID1,"Lorraine Hennessey, Tax Manager",,lorraine.hennessey@vw.com,274470473.0,,,864593.0,,1/1/2010,1/1/2040,Y,
2016,,IDB,9/23/2016,,Volkwagen Group of America Chatt. Oper.,8001 VOLKSWAGEN DRIVE,Chattanooga,13000118,,ID1,"Lorraine Hennessey, Tax Manager",,lorraine.hennessey@vw.com,17987400.0,,,,198848.0,1/1/2010,1/1/2040,Y,
2016,,IDB,9/23/2016,,Volkwagen Group of America Chatt. Oper.,8001 VOLKSWAGEN DRIVE,Chattanooga,1041844 old  040299 new,,ID1,"Lorraine Hennessey, Tax Manager",,lorraine.hennessey@vw.com,4067356.0,,,,48711.0,1/1/2010,1/1/2040,Y,
2016,,IDB,9/27/2016,,"WNA American Plastics Industries, Inc",5930 QUINTUS LOOP,Chattanooga,1028502,,ID1,"Thomas Spurr, Divisional Controller",,thomas.spurr@wna.biz,16130064.0,0.0,0.0,0.0,0.0,1/1/2013,1/1/2017,Y,
2016,,HED,9/30/2016,,"Walnut Commons, LLC",212 WALNUT ST,Chattanooga,135MB008 L001,,HE5,"Jason Whipple, Vice President",,jwhipple@burlingtoncapital.com,9890200.0,1352924.0,1602.0,1919.0,,NO INFO,12/1/2025,N,
2016,,IDB,2/22/2017,,"Westinghouse Electric Co, LLC",401 RIVER TERMINAL ROAD,Chattanooga,1040363,,ID1,"Chris Stiles, Sr. Financial Analyst",,stilescg@westinghouse.com,10196628.0,0.0,88694.0,119040.0,,1/1/2010,12/31/2020,N,
2016,,IDB,9/30/2016,,Wringley Mfg Co LLC,3002 JERSEY PIKE,Chattanooga,13814002.01,,ID1,"S. Angela Wilson, Tax ManagerCompliance",,angela.wilson@wrigley.com,2603100.0,0.0,0.0,33.0,,11/1/2006,1/1/2018,Y,
2016,,IDB,9/30/2016,,Wringley Mfg Co LLC,3002 JERSEY PIKE,Chattanooga,PER1034786,,ID1,"S. Angela Wilson, Tax ManagerCompliance",,angela.wilson@wrigley.com,4954808.0,0.0,0.0,33.0,,11/1/2006,1/1/2018,Y,
2016,,IDB,9/30/2016,,Wringley Mfg Co LLC,3002 JERSEY PIKE,Chattanooga,PER1041698,,ID1,"S. Angela Wilson, Tax ManagerCompliance",,angela.wilson@wrigley.com,3997212.0,0.0,0.0,33.0,,11/1/2006,1/1/2023,Y,
2016,,,,,,,,,,,,,,,,,,,,,,
2017,Hamilton,IDB,09/26/2017,IDB000000002918,AMAZON.COM.DEDC LLC,7200 VOLKSWAGEN DR,Chattanooga,040158,,ID01,ERIN O'NEAL,PROPERTY TAX COMPLIANCE MANAGER,PROPERTYTAX@AMAZON.COM,65320900.0,0.0,359000.0,0.0,,01/01/2012,01/01/2023,,
2017,,IDB,09/26/2017,IDB000000002756,AMAZON.COM.DEDC LLC,7200 VOLKSWAGEN DR,Chattanooga,139074,,ID01,ERIN O'NEAL,PROPERTY TAX COMPLIANCE MANAGER,PROPERTYTAX@AMAZON.COM,65320900.0,0.0,359000.0,0.0,,01/01/2012,01/01/2023,,
2017,Hamilton,IDB,09/27/2017,IDB907,ASTEC INDUSTRIES INC,1725 SHEPHERD ROAD,Chattanooga,148G G 00500,,ID01,GARY HEINEMANN,CORPORATE TAX DIRECTOR,GHEINEMANN@ASTECINDUSTRIES.COM,373500.0,0.0,1686.0,2019.0,,01/01/2007,12/31/2017,,
2017,,IDB,09/27/2017,IDB000000001452,"ASTEC INDUSTRIES, INC.",1725 SHEPHERD ROAD,Chattanooga,031920,,ID01,HEINEMANN GARY,CORPORATE TAX DIRECTOR,GHEINEMANN@ASTECINDUSTRIES.COM,1897497.0,0.0,9275.0,11107.0,,01/01/2007,12/31/2017,,
2017,,IDB,09/27/2017,IDB000000001454,"ASTEC, INC.",1203 E. 39TH STREET,Chattanooga,031917,,ID01,HEINEMANN GARY,CORPORATE TAX DIRECTOR,GHEINEMANN@ASTECINDUSTRIES.COM,769220.0,0.0,3420.0,4095.0,,01/01/2007,12/31/2017,,
2017,,IDB,09/27/2017,IDB000000001453,"ASTEC, INC.",1203 E. 39TH STREET,Chattanooga,168A P 01400,,ID01,HEINEMANN GARY,CORPORATE TAX DIRECTOR,GHEINEMANN@ASTECINDUSTRIES.COM,1465800.0,0.0,6769.0,8106.0,,01/01/2007,12/31/2017,,
2017,,IDB,09/14/2017,IDB000000001456,BLUECROSS BLUESHIELD OF TENNESSEE,1 CAMERON HILL CIRCLE,Chattanooga,135N B 00502,,ID04,DAVID DANCE,FINANCIAL COORDINATOR,DAVID_DANCE@BCBST.COM,841088.0,43225.0,3939.0,4717.0,,03/01/2008,03/01/2028,,
2017,,IDB,09/14/2017,IDB000000001455,BLUECROSS BLUESHIELD OF TENNESSEE,1 CAMERON HILL CIRCLE,Chattanooga,135N B 00501,,ID04,DAVID DANCE,FINANCIAL COORDINATOR,DAVID_DANCE@BCBST.COM,98590867.0,5066782.0,429474.0,514327.0,,03/01/2008,03/01/2028,,
2017,,IDB,09/14/2017,IDB889,"BLUECROSS BLUESHIELD OF TENNESSEE, INC.",1 CAMERON HILL CIRCLE,Chattanooga,135N B 00500,,ID04,DAVID DANCE,FINANCIAL COORDINATOR,DAVID_DANCE@BCBST.COM,88068045.0,4525993.0,383756.0,459576.0,,03/01/2008,03/01/2028,,
2017,,IDB,1/19/2018,IDB000000002206,COCACOLA BOTTLING COMPANY UNITED INC,6060 SHALLOWFORD RD,Chattanooga,1380 B 00103,,ID01,MATTHEW BALANCE,TAX ACCOUNTANT,MATTHEWBALANCE@CCBCU.COM,46019730.0,0.0,120113.0,146805.0,,4/23/2014,1/1/2028,,
2017,,IDB,1/19/2018,IDB000000003111,COCACOLA BOTTLING COMPANY UNITED INC,6060 SHALLOWFORD RD,Chattanooga,47001,,ID01,MATTHEW BALANCE,TAX ACCOUNTANT,MATTHEWBALANCE@CCBCU.COM,18403242.0,0.0,25051.0,30618.0,,4/23/2014,1/1/2028,,
2017,,IDB,09/22/2017,IDB000000002057,COLUMBUS MCKINNON D/B/A DIXIE INDUSTRIES,3510 NORTH ORCHARD KNOB AVENUE,Chattanooga,NOF,,ID01,"FRANKLIN, HERSHEL",COST ACCOUNTANT,JEFF.FRANKLIN@CMWORKS.COM,7169931.0,1.0,14503.0,17368.0,,01/01/2009,01/01/2017,,
2017,,IDB,09/11/2017,IDB000000002870,"GESTAMP CHATTANOOGA II, LLC",7529 FERDINANDPIECH WAY,Chattanooga,048704P,,ID01,KELLEN GIBSON,ACCOUNTANT,KGIBSON@US.GESTAMP.COM,36574813.0,0.0,0.0,130019.0,,12/12/2015,01/01/2027,,
2017,,IDB,09/11/2017,IDB000000002722,"GESTAMP CHATTANOOGA II, LLC",7529 FERDINANDPIECH WAY,Chattanooga,13000134,,ID01,KELLEN GIBSON,ACCOUNTANT,KGIBSON@US.GESTAMP.COM,39049500.0,0.0,0.0,214397.0,,12/12/2015,01/01/2027,,
2017,,IDB,09/11/2017,IDB000000002868,"GESTAMP CHATTANOOGA, LLC",4120 JERSEY PIKE,Chattanooga,138I A 003,,ID01,KELLEN GIBSON,ACCOUNTANT,KGIBSON@US.GESTAMP.COM,12814980.0,0.0,0.0,70359.0,,12/04/2015,01/01/2027,,
2017,,IDB,09/11/2017,IDB000000002865,"GESTAMP CHATTANOOGA, LLC",3063 HICKORY VALLEY ROAD,Chattanooga,038692P,,ID01,KELLEN GIBSON,ACCOUNTANT,KGIBSON@US.GESTAMP.COM,13823626.0,0.0,64859.0,74080.0,,02/11/2010,01/01/2025,,
2017,,IDB,09/11/2017,IDB000000002867,"GESTAMP CHATTANOOGA, LLC",3093 HICKORY VALLEY RD,Chattanooga,049271P,,ID01,KELLEN GIBSON,ACCOUNTANT,KGIBSON@US.GESTAMP.COM,33670887.0,0.0,0.0,138650.0,,11/04/2015,01/01/2027,,
2017,,IDB,09/11/2017,IDB000000002866,"GESTAMP CHATTANOOGA, LLC",3093 HICKORY VALLEY RD,Chattanooga,13000126,,ID01,KELLEN GIBSON,ACCOUNTANT,KGIBSON@US.GESTAMP.COM,12260300.0,0.0,0.0,67314.0,,11/04/2015,01/01/2027,,
2017,,IDB,09/11/2017,IDB000000002869,"GESTAMP CHATTANOOGA, LLC",4120 JERSEY PIKE,Chattanooga,048703P,,ID01,KELLEN GIBSON,ACCOUNTANT,KGIBSON@US.GESTAMP.COM,18642957.0,0.0,0.0,76768.0,,12/04/2015,01/01/2027,,
2017,,IDB,09/11/2017,IDB000000002665,"GESTAMP CHATTANOOGA, LLC",3063 HICKORY VALLEY ROAD,Chattanooga,130 00125,,ID01,KELLEN GIBSON,ACCOUNTANT,KGIBSON@US.GESTAMP.COM,50272600.0,0.0,299949.0,359212.0,,02/11/2010,01/01/2025,,
2017,,IDB,09/27/2017,IDB000000001460,"HEATEC, INC.",5200 WILSON ROAD,Chattanooga,167M A 00100,,ID01,HEINEMANN GARY,CORPORATE TAX DIRECTOR,GHEINEMANN@ASTECINDUSTRIES.COM,3198700.0,0.0,14772.0,17690.0,,01/01/2007,12/31/2017,,
2017,,IDB,09/27/2017,IDB000000001461,"HEATEC, INC.",5200 WILSON ROAD,Chattanooga,031919,,ID01,HEINEMANN GARY,CORPORATE TAX DIRECTOR,GHEINEMANN@ASTECINDUSTRIES.COM,305067.0,0.0,1289.0,1544.0,,01/01/2007,12/31/2017,,
2017,,HED,09/29/2017,IDB000000003006,HERITAGEMACLELLAN APARTMENTS,721 BROAD ST,Chattanooga,145CBA005L000,,HE05,BRITTANY HARDY,PROPERTY OPERATIONS MANAGER,BHARDY@HLDLLC.COM,1081800.0,0.0,24055.0,28807.0,,04/06/2016,04/06/2034,,
2017,,IDB,09/21/2017,IDB000000001463,INVISTA S.A.R.L.,4501 NORTH ACCESS ROAD,Chattanooga,029337,,ID01,KYLE TURNER,TAX DIRECTOR,KYLE.TURNER@KOCHIND.COM,102565.0,0.0,2606.0,0.0,,01/01/1998,01/01/2018,,
2017,,IDB,09/21/2017,IDB000000001462,INVISTA S.A.R.L.,4501 NORTH ACCESS ROAD,Chattanooga,110P B 00100 L 001,,ID01,KYLE TURNER,TAX DIRECTOR,KYLE.TURNER@KOCHIND.COM,1000000.0,0.0,16431.0,0.0,,01/01/1998,01/01/2018,,
2017,,IDB,09/19/2017,IDB000000001466,MCKEE FOODS CORPORATION,10638 APISON PIKE,Chattanooga,1034595,,ID01,CAGLELEISA,VICE PRESIDENT & CONTROLLER,LORI.PERKINS@MCKEE.COM,11613400.0,0.0,23882.0,48170.0,,08/05/2008,01/01/2020,,
2017,,IDB,09/19/2017,IDB000000001467,MCKEE FOODS CORPORATION,10617 APISON PIKE,Chattanooga,151 03600,,ID01,CAGLELEISA,VICE PRESIDENT & CONTROLLER,LORI.PERKINS@MCKEE.COM,10160800.0,0.0,27860.0,56193.0,,08/05/2008,01/01/2020,,
2017,,HED,08/15/2017,IDB899,"MK, LLC",1421 MARKET STREET,Chattanooga,145L B 00600,,HE02,MORGAN G. ADAMS,"CHIEF MANAGER, ADAMS LLC",ADAMS@TRUCKWRECKJUSTICE.COM,890640.0,0.0,4698.0,0.0,0.0,10/01/2005,12/31/2021,,
2017,,IDB,09/29/2017,IDB000000002218,PLASTIC OMNIUM AUTO EXTERIORS,3241 HICKORY VALLEY ROAD,Chattanooga,130 00133,,ID01,HARTLEY CARL E.,ATTORNEY,CHARTLEY@BAKERDONELSON.COM,19088600.0,0.0,43465.0,131337.0,0.0,08/20/2014,01/01/2026,,
2017,,IDB,09/29/2017,IDB000000002900,PLASTIC OMNIUM AUTO EXTERIORS,3241 HICKORY VALLEY ROAD,Chattanooga,046992,,ID01,HARTLEY CARL E.,ATTORNEY,CHARTLEY@BAKERDONELSON.COM,32280037.0,0.0,55126.0,166638.0,,08/20/2014,01/01/2026,,
2017,,IDB,09/27/2017,IDB169,PROVIDENT LIFE & ACCIDENT INSURANCE COMPANY,425 HIGH STREET,Chattanooga,135M F 01900,,ID03,WATSON MARGIE,"FINANCIAL MANAGER, C&W",MWATSON@UNUM.COM,5040600.0,0.0,11639.0,13938.0,,11/22/2002,11/22/2017,,
2017,,IDB,09/27/2017,IDB000000002092,PROVIDENT LIFE & ACCIDENT INSURANCE COMPANY,437 WALNUT STREET,Chattanooga,135M E 00100,,ID03,WATSON MARGOE,"FINANCIAL MANAGER, C&W",MWATSON@UNUM.COM,7006800.0,0.0,19414.0,23250.0,,03/01/2011,03/01/2026,,
2017,,IDB,09/27/2017,IDB000000001468,"ROADTEC, INC.",800 MANUFACTURERS ROAD,Chattanooga,135J B 00100,,ID01,HEINEMANN GARY,CORPORATE TAX DIRECTOR,GHEINEMANN@ASTECINDUSTRIES.COM,3133990.0,0.0,14472.0,17331.0,,01/01/2007,12/31/2017,,
2017,,IDB,09/27/2017,IDB000000001469,"ROADTEC, INC.",800 MANUFACTURERS ROAD,Chattanooga,031918,,ID01,HEINEMANN GARY,CORPORATE TAX DIRECTOR,GHEINEMANN@ASTECINDUSTRIES.COM,944301.0,0.0,4498.0,5386.0,,01/01/2007,12/31/2017,,
2017,,HED,09/20/2017,IDB000000001476,STANDIFER PLACE PROPERTIES LLC,2626 WALKER ROAD,Chattanooga,1022310,,HE02,JOHN MCKINNEY,ACCOUNTING MANAGER,JMCKINNEY@NHCCARE.COM,2366902.0,0.0,0.0,0.0,,01/01/2003,01/01/2052,,
2017,,HED,09/20/2017,IDB000000001475,STANDIFER PLACE PROPERTIES LLC,2626 WALKER ROAD,Chattanooga,139 00302,,HE02,JOHN MCKINNEY,ACCOUNTING MANAGER,JMCKINNEY@NHCCARE.COM,16435172.0,0.0,0.0,0.0,,01/01/2003,01/01/2052,,
2017,,IDB,09/13/2017,IDB000000002829,VAN DE WIELE INC,6093 RELOCATION WAY,Ooltewah,13200213,,ID01,BOB HARDING,PRESIDENT,BOB.HARDING@VANDEWIELE.COM,1500000.0,0.0,0.0,33.0,,01/01/2016,01/01/2020,,
2017,,IDB,09/27/2017,IDB000000001859,"VOLKSWAGEN GROUP OF AMERICA, INC.",8001 VOLKSWAGEN DRIVE,Chattanooga,130 00118 024,,ID01,HENNESSEY LORRAINE,TAX MANAGER,LORRAINE.HENNESSEY@VW.COM,497920556.0,0.0,0.0,2104707.0,,01/01/2010,01/01/2040,,
2017,,IDB,09/27/2017,IDB000000001857,"VOLKSWAGEN GROUP OF AMERICA, INC.",8001 VOLKSWAGEN DRIVE,Chattanooga,13000132L000,,ID01,HENNESSEY LORRAINE,TAX MANAGER,LORRAINE.HENNESSEY@VW.COM,17987400.0,0.0,0.0,0.0,198955.0,01/01/2010,01/01/2040,,
2017,,IDB,09/27/2017,IDB000000001860,"VOLKSWAGEN GROUP OF AMERICA, INC.",8001 VOLKSWAGEN DRIVE,Chattanooga,1041844,,ID01,HENNESSEY LORRAINE,TAX MANAGER,LORRAINE.HENNESSEY@VW.COM,3288967.0,0.0,0.0,0.0,32729.0,01/01/2010,01/01/2040,,
2017,,IDB,09/27/2017,IDB000000001858,"VOLKSWAGEN GROUP OF AMERICA, INC.",8001 VOLKSWAGEN DRIVE,Chattanooga,1038312,,ID01,HENNESSEY LORRAINE,TAX MANAGER,LORRAINE.HENNESSEY@VW.COM,580775612.0,0.0,0.0,997544.0,,01/01/2010,01/01/2040,,
2017,,IDB,09/22/2017,IDB000000002224,"WESTINGHOUSE ELECTRIC CO, LLC",401 RIVER TERMINAL ROAD,Chattanooga,1040363,,ID01,"STILES, CHRIS",SR. FINANCIAL ANALYST,STILESCG@WESTINGHOUSE.COM,10401456.0,0.0,92163.0,124018.0,,01/01/2010,12/31/2020,,
2017,,IDB,09/20/2017,IDB000000001481,"WRIGLEY MANUFACTURING COMPANY, LLC",3200 JERSEY PIKE,Chattanooga,1041698,,ID01,S. ANGELA WILSON,TAX COMPLIANCE MANAGER,ANGELA.WILSON@WRIGLEY.COM,2592043.0,0.0,0.0,33.0,,12/31/2010,01/01/2023,,
2017,,IDB,09/20/2017,IDB910,"WRIGLEY MANUFACTURING COMPANY, LLC",3200 JERSEY PIKE,Chattanooga,138I A 00201,,ID01,S. ANGELA WILSON,TAX COMPLIANCE MANAGER,ANGELA.WILSON@WRIGLEY.COM,4634800.0,0.0,0.0,33.0,0.0,11/01/2006,01/01/2018,,
2017,,IDB,09/20/2017,IDB000000001480,"WRIGLEY MANUFACTURING COMPANY, LLC",3200 JERSEY PIKE,Chattanooga,1034786,,ID01,S. ANGELA WILSON,TAX COMPLIANCE MANAGER,ANGELA.WILSON@WRIGLEY.COM,4921857.0,0.0,0.0,33.0,,11/01/2006,01/01/2018,,
2018,Hamilton,IDB,9/26/2018,IDB000000002918,AMAZON.COM.DEDC LLC,7200 VOLKSWAGEN DR,Chattanooga,040158,,ID01,ERIN O'NEAL,PROPERTY TAX COMPLIANCE MANAGER,PROPERTYTAX@AMAZON.COM,17546928.0,,70000.0,,,01/01/2012,01/01/2023,,
2018,,IDB,9/26/2018,IDB000000002756,AMAZON.COM.DEDC LLC,7200 VOLKSWAGEN DR,Chattanooga,139074,,ID01,ERIN O'NEAL,PROPERTY TAX COMPLIANCE MANAGER,PROPERTYTAX@AMAZON.COM,65320900.0,,359000.0,,,01/01/2012,01/01/2023,,
2018,,IDB,9/17/2018,IDB000000001456,BLUECROSS BLUESHIELD OF TENNESSEE,1 CAMERON HILL CIRCLE,Chattanooga,135N B 00502,,ID04,NICKSON ODENY,FINANCIAL COORDINATOR,NICKSON_ODENY@BCBST.COM,841088.0,43225.0,4726.0,4717.0,,03/01/2008,03/01/2028,,
2018,,IDB,9/17/2018,IDB000000001455,BLUECROSS BLUESHIELD OF TENNESSEE,1 CAMERON HILL CIRCLE,Chattanooga,135N B 00501,,ID04,NICKSON ODENY,FINANCIAL COORDINATOR,NICKSON_ODENY@BCBST.COM,98590867.0,5066782.0,515220.0,514327.0,,03/01/2008,03/01/2028,,
2018,,IDB,9/17/2018,IDB889,"BLUECROSS BLUESHIELD OF TENNESSEE, INC.",1 CAMERON HILL CIRCLE,Chattanooga,135N B 00500,,ID04,NICKSON ODENY,FINANCIAL COORDINATOR,NICKSON_ODENY@BCBST.COM,88068045.0,4525993.0,460374.0,459576.0,,03/01/2008,03/01/2028,,
2018,,IDB,9/27/2018,IDB000000002206,COCACOLA BOTTLING COMPANY UNITED INC,6060 SHALLOWFORD RD,Chattanooga,1380 B 00103,,ID01,MATTHEW BALANCE,TAX ACCOUNTANT,MATTHEWBALANCE@CCBCU.COM,44236700.0,,99556.0,121680.0,,04/23/2014,01/01/2027,,
2018,,IDB,9/27/2018,IDB000000003111,COCACOLA BOTTLING COMPANY UNITED INC,6060 SHALLOWFORD RD,Chattanooga,47001,,ID01,MATTHEW BALANCE,TAX ACCOUNTANT,MATTHEWBALANCE@CCBCU.COM,13500967.0,,22842.0,27919.0,,04/23/2014,01/01/2027,,
2018,,IDB,9/26/2018,IDB000000002870,"GESTAMP CHATTANOOGA II, LLC",7529 FERDINAND PIECH WAY,Chattanooga,048704P,,ID01,KELLEN GIBSON,ACCOUNTANT,KGIBSON@US.GESTAMP.COM,28967873.0,,49470.0,141568.0,,12/12/2015,01/01/2027,,
2018,,IDB,9/26/2018,IDB000000002722,"GESTAMP CHATTANOOGA II, LLC",7529 FERDINAND PIECH WAY,Chattanooga,13000134,,ID01,KELLEN GIBSON,ACCOUNTANT,KGIBSON@US.GESTAMP.COM,39049500.0,,88915.0,254450.0,,12/12/2015,01/01/2027,,
2018,,IDB,9/26/2018,IDB000000002868,"GESTAMP CHATTANOOGA, LLC",4120 JERSEY PIKE,Chattanooga,138I A 003,,ID01,KELLEN GIBSON,ACCOUNTANT,KGIBSON@US.GESTAMP.COM,12814980.0,,29180.0,83504.0,,12/04/2015,01/01/2027,,
2018,,IDB,9/26/2018,IDB000000002865,"GESTAMP CHATTANOOGA, LLC",3063 HICKORY VALLEY ROAD,Chattanooga,038692P,,ID01,KELLEN GIBSON,ACCOUNTANT,KGIBSON@US.GESTAMP.COM,10425600.0,,46006.0,55870.0,,02/11/2010,01/01/2025,,
2018,,IDB,9/26/2018,IDB000000002867,"GESTAMP CHATTANOOGA, LLC",3093 HICKORY VALLEY RD,Chattanooga,049271P,,ID01,KELLEN GIBSON,ACCOUNTANT,KGIBSON@US.GESTAMP.COM,28847140.0,,49264.0,140978.0,,11/04/2015,01/01/2027,,
2018,,IDB,9/26/2018,IDB000000002866,"GESTAMP CHATTANOOGA, LLC",3093 HICKORY VALLEY RD,Chattanooga,13000126,,ID01,KELLEN GIBSON,ACCOUNTANT,KGIBSON@US.GESTAMP.COM,12260300.0,,27917.0,79889.0,,11/04/2015,01/01/2027,,
2018,,IDB,9/26/2018,IDB000000002869,"GESTAMP CHATTANOOGA, LLC",4120 JERSEY PIKE,Chattanooga,048703P,,ID01,KELLEN GIBSON,ACCOUNTANT,KGIBSON@US.GESTAMP.COM,19881397.0,,33952.0,97162.0,,12/04/2015,01/01/2027,,
2018,,IDB,9/26/2018,IDB000000002665,"GESTAMP CHATTANOOGA, LLC",3063 HICKORY VALLEY ROAD,Chattanooga,130 00125,,ID01,KELLEN GIBSON,ACCOUNTANT,KGIBSON@US.GESTAMP.COM,50272600.0,,295792.0,359212.0,,02/11/2010,01/01/2025,,
2018,,HED,9/25/2018,IDB000000003006,HERITAGEMACLELLAN APARTMENTS,721 BROAD ST,Chattanooga,145CBA005L000,,HE05,BRITTANY HARDY,PROPERTY OPERATIONS MANAGER,BHARDY@HLDLLC.COM,1041800.0,,806.0,13025.0,,04/06/2016,04/06/2032,,
2018,,IDB,11/1/2018,IDB000000003265,HOMESERVE USA CORP,7134 LEE HIGHWAY,Chattanooga,139 P C 007,,ID06,JENNIFER D'ARIANO,ASSISTANT CONTROLLER,JENNIFER.DARIANO@HOMESERVEUSA.COM,4000000.0,,,,,12/21/2017,12/21/2023,,
2018,,IDB,11/1/2018,IDB000000003265,HOMESERVE USA CORP,7134 LEE HIGHWAY,Chattanooga,139 P C 007 P,,ID06,JENNIFER D'ARIANO,ASSISTANT CONTROLLER,JENNIFER.DARIANO@HOMESERVEUSA.COM,1700000.0,,,,,12/21/2017,12/21/2023,,
2018,,IDB,9/27/2018,IDB000000001466,MCKEE FOODS CORPORATION,10638 APISON PIKE,Collegedale,1034595,,ID01,CAGLE LEISA,VICE PRESIDENT & CONTROLLER,LORI.PERKINS@MCKEE.COM,11553453.0,,21825.0,47921.0,,08/05/2008,01/01/2020,,
2018,,IDB,9/27/2018,IDB000000001467,MCKEE FOODS CORPORATION,10617 APISON PIKE,Collegedale,151 03600,,ID01,CAGLE LEISA,VICE PRESIDENT & CONTROLLER,LORI.PERKINS@MCKEE.COM,9902500.0,,24942.0,54764.0,,08/05/2008,01/01/2020,,
2018,,IDB,9/27/2018,IDB000000003211,MCKEE FOODS CORPORATION,10260 MCKEE DRIVE & 10638 APISON PIKE,Collegedale,10052016,,ID01,CAGLE LEISA,VICE PRESIDENT & CONTROLLER,LORI.PERKINS@MCKEE.COM,25534186.0,,14470.0,122317.0,,01/01/2018,12/31/2027,,
2018,,IDB,9/27/2018,IDB000000003212,MCKEEFOODS CORPORATION,10260MCKEEDRIVE,Collegedale,141033L000,,ID01,CAGLE LEISA,VICE PRESIDENT &CONTROLLER,LORI.PERKINS@MCKEE.COM,13660700.0,,10322.0,87252.0,,01/01/2018,12/31/2027,,
2018,,HED,9/29/2018,IDB899,"MK, LLC",1421 MARKET STREET,Chattanooga,145L B 00600,,HE02,MORGAN G. ADAMS,"CHIEF MANAGER, ADAMS LLC",ADAMS@TRUCKWRECKJUSTICE.COM,890640.0,,4698.0,,,10/01/2005,12/31/2020,,
2018,,IDB,9/26/2018,IDB000000002218,PLASTIC OMNIUM AUTO EXTERIORS,3241 HICKORY VALLEY ROAD,Chattanooga,130 00133,,ID01,GEOFFREY GONNOT,CHATTANOOGA PLANT CONTROLLER,GEOFFREY.GONNOT@PLASTICOMNIUM.COM,19088600.0,,43465.0,28917.0,,08/20/2014,01/01/2026,,
2018,,IDB,9/26/2018,IDB000000002900,PLASTIC OMNIUM AUTO EXTERIORS,3241 HICKORY VALLEY ROAD,Chattanooga,046992,,ID01,GEOFFREY GONNOT,CHATTANOOGA PLANT CONTROLLER,GEOFFREY.GONNOT@PLASTICOMNIUM.COM MWATSON2@UNUM.COM,29917434.0,,55126.0,36676.0,,08/20/2014,01/01/2026,,
2018,,IDB,9/28/2018,IDB000000002092,PROVIDENT LIFE & ACCIDENT INSURANCE COMPANY,437 WALNUT STREET,Chattanooga,135M E 00100,,ID03,WATSON MARGIE,"FINANCIAL MANAGER, C&W",,8368120.0,,57162.0,69418.0,,03/01/2011,03/01/2026,,
2018,,HED,9/20/2018,IDB000000001476,STANDIFER PLACE PROPERTIES LLC,2626 WALKER ROAD,Chattanooga,1022310,,HE02,JOHN MCKINNEY,ACCOUNTING MANAGER,JMCKINNEY@NHCCARE.COM,2366902.0,,,,,01/01/2003,01/01/2052,,
2018,,HED,9/20/2018,IDB000000001475,STANDIFER PLACE PROPERTIES LLC,2626 WALKER ROAD,Chattanooga,139 00302,,HE02,JOHN MCKINNEY,ACCOUNTING MANAGER,JMCKINNEY@NHCCARE.COM,16435172.0,,,,,01/01/2003,01/01/2052,,
2018,,HED,10/24/2018,IDB000000002204,THE BREAD FACTORY LLC,1615 COWART ST,Chattanooga,145 K K 014,,HE05,ANDREW RATCHFORD,ASSET MANAGER,ANDREW.RATCHFORD@GRAYCLIFFCAPITAL.COM,2700000.0,254329.0,16196.0,19970.0,,04/17/2002,10/01/2018,,
2018,,HED,9/20/2018,IDB000000003143,TSO CHATTANOOGA DEVELOPMENT LP,728 MARKET STREET,Chattanooga,145 DA D 010 S000,,HE06,GAIL BATTLE,SR. VICE PRESIDENT,GAIL@SIMPSONORG.COM,27734600.0,,,,,10/20/2015,10/20/2031,,
2018,,IDB,9/26/2018,IDB000000002829,VAN DE WIELE INC,6093 RELOCATION WAY,Ooltewah,13200213,,ID01,BOB HARDING,PRESIDENT,BOB.HARDING@VANDEWIELE.COM,1500000.0,,33.0,33.0,,01/01/2016,01/01/2020,,
2018,,IDB,9/26/2018,IDB000000001859,"VOLKSWAGEN GROUP OF AMERICA, INC.",8001 VOLKSWAGEN DRIVE,Chattanooga,130 00118 024,,ID01,HENNESSEY LORRAINE,TAX MANAGER,LORRAINE.HENNESSEY@VW.COM,400564540.0,,,3276511.0,,01/01/2010,01/01/2040,,
2018,,IDB,9/26/2018,IDB000000001857,"VOLKSWAGEN GROUP OF AMERICA, INC.",8001 VOLKSWAGEN DRIVE,Chattanooga,13000132L000,,ID01,HENNESSEY LORRAINE,TAX MANAGER,LORRAINE.HENNESSEY@VW.COM,3697903.0,,,,27284.0,01/01/2010,01/01/2040,,
2018,,IDB,9/26/2018,IDB000000001860,"VOLKSWAGEN GROUP OF AMERICA, INC.",8001 VOLKSWAGEN DRIVE,Chattanooga,1041844,,ID01,HENNESSEY LORRAINE,TAX MANAGER,LORRAINE.HENNESSEY@VW.COM,17987400.0,,,,198955.0,01/01/2010,01/01/2040,,
2018,,IDB,9/26/2018,IDB000000001858,"VOLKSWAGEN GROUP OF AMERICA, INC.",8001 VOLKSWAGEN DRIVE,Chattanooga,1038312,,ID01,HENNESSEY LORRAINE,TAX MANAGER,LORRAINE.HENNESSEY@VW.COM,67439677.0,,,1319688.0,,01/01/2010,01/01/2040,,
2018,,HED,10/24/2018,IDB000000003259,WALNUT COMMONS LLC,212 WALNUT ST,Chattanooga,135 M B 008 2001,,HE05,ANDREW RATCHFORD,ASSET MANAGER,ANDREW.RATCHFORD@GRAYCLIFFCAPITAL.COM,9890200.0,1252949.0,2289.0,2741.0,,12/01/2010,12/01/2025,,
2018,Hamilton,IDB,9/28/2018,IDB000000002224,"WESTINGHOUSE ELECTRIC CO, LLC",401 RIVER TERMINAL ROAD,Chattanooga,1040363,,ID01,"STILES, CHRIS","MANAGER, STATE & LOCAL",STILESCG@WESTINGHOUSE.COM,9686329.0,,87766.0,123437.0,,01/01/2010,12/31/2020,,
2018,,IDB,9/17/2018,IDB000000001481,"WRIGLEY MANUFACTURING COMPANY, LLC",3200 JERSEY PIKE,Chattanooga,40153,,ID01,S. ANGELA WILSON,TAX COMPLIANCE MANAGER,ANGELA.A.WILSON@EFFEM.COM,1630200.0,,,33.0,,12/31/2010,01/01/2023,,
2019,Hamilton,IDB,9/17/2019,IDB000000002918,AMAZON.COM.DEDC LLC,7200 VOLKSWAGEN DR,Chattanooga,040158,,ID01,RICH MACHT,TAX ANALYST,RWMACHT@AMAZON.COM,15636155.0,,62000.0,,,01/01/2012,01/01/2023,,
2019,,IDB,9/17/2019,IDB000000002756,AMAZON.COM.DEDC LLC,7200 VOLKSWAGEN DR,Chattanooga,139074,,ID01,RICH MACHT,TAX ANALYST,RWMACHT@AMAZON.COM,65320900.0,,359000.0,,,01/01/2012,01/01/2023,,
2019,,IDB,9/12/2019,IDB000000001456,BLUECROSS BLUESHIELD OF TENNESSEE,1 CAMERON HILL CIRCLE,Chattanooga,135N B 00502,,ID04,NICKSON ODENY,FINANCIAL COORDINATOR,NICKSON_ODENY@BCBST.COM,841088.0,43343.0,3885.0,4717.0,,02/27/2008,02/27/2028,,
2019,,IDB,9/12/2019,IDB000000001455,BLUECROSS BLUESHIELD OF TENNESSEE,1 CAMERON HILL CIRCLE,Chattanooga,135N B 00501,,ID04,NICKSON ODENY,FINANCIAL COORDINATOR,NICKSON_ODENY@BCBST.COM,98590867.0,5080663.0,423522.0,514327.0,,02/27/2008,02/27/2028,,
2019,,IDB,9/12/2019,IDB889,"BLUECROSS BLUESHIELD OF TENNESSEE, INC.",1 CAMERON HILL CIRCLE,Chattanooga,135N B 00500,,ID04,NICKSON ODENY,FINANCIAL COORDINATOR,NICKSON_ODENY@BCBST.COM,88068045.0,4538393.0,378437.0,459576.0,,02/27/2008,02/27/2028,,
2019,,IDB,9/25/2019,IDB000000002206,COCA-COLA BOTTLING COMPANY UNITED INC,6060 SHALLOWFORD RD,Chattanooga,1380 B 00103,,ID-01,MATTHEW BALANCE,TAX ACCOUNTANT,MATTHEWBALANCE@CCBCU.COM,44236700.0,,99556.0,121680.0,,04/23/2014,04/23/2026,,
2019,,IDB,9/25/2019,IDB000000003111,COCA-COLA BOTTLING COMPANY UNITED INC,6060 SHALLOWFORD RD,Chattanooga,47001,,ID-01,MATTHEW BALANCE,TAX ACCOUNTANT,MATTHEWBALANCE@CCBCU.COM,10677117.0,,18018.0,22021.0,,04/23/2014,04/23/2026,,
2019,,HED,9/26/2019,IDB153280,ECG CHESTNUT LP,ECG CHESTNUT LP,Chattanooga,145KG001,,HE05,ANN MARIE WETHERINGTON,DIRECTOR OF COMPLIANCE,AWETHERINGTON@ELMINGTONPM.COM,75840.0,,,,,12/19/2017,12/31/2033,,
2019,,IDB,9/9/2019,IDB000000002870,"GESTAMP CHATTANOOGA II, LLC",7529 FERDINAND PIECH WAY,Chattanooga,048704P,,ID01,KELLEN GIBSON,ACCOUNTANT,KGIBSON@US.GESTAMP.COM,25292147.0,,69108.0,140846.0,,12/09/2015,12/29/2026,,
2019,,IDB,9/9/2019,IDB000000002722,"GESTAMP CHATTANOOGA II, LLC",7529 FERDINAND PIECH WAY,Chattanooga,13000134,,ID01,KELLEN GIBSON,ACCOUNTANT,KGIBSON@US.GESTAMP.COM,39049500.0,,142265.0,289944.0,,12/09/2015,12/29/2026,,
2019,,IDB,9/9/2019,IDB000000002868,"GESTAMP CHATTANOOGA, LLC",4120 JERSEY PIKE,Chattanooga,138I A 003,,ID01,KELLEN GIBSON,ACCOUNTANT,KGIBSON@US.GESTAMP.COM,12814800.0,,46687.0,95150.0,,11/30/2015,12/28/2026,,
2019,,IDB,9/9/2019,IDB000000002865,"GESTAMP CHATTANOOGA, LLC",3063 HICKORY VALLEY ROAD,Chattanooga,038692P,,ID01,KELLEN GIBSON,ACCOUNTANT,KGIBSON@US.GESTAMP.COM,11142933.0,,49172.0,59715.0,,02/07/2010,12/28/2024,,
2019,,IDB,9/9/2019,IDB000000002867,"GESTAMP CHATTANOOGA, LLC",3093 HICKORY VALLEY RD,Chattanooga,049271P,,ID01,KELLEN GIBSON,ACCOUNTANT,KGIBSON@US.GESTAMP.COM,31924733.0,,87231.0,177782.0,,10/31/2015,12/28/2026,,
2019,,IDB,9/9/2019,IDB000000002866,"GESTAMP CHATTANOOGA, LLC",3093 HICKORY VALLEY RD,Chattanooga,13000126,,ID01,KELLEN GIBSON,ACCOUNTANT,KGIBSON@US.GESTAMP.COM,11648800.0,,42439.0,86493.0,,10/31/2015,12/28/2026,,
2019,,IDB,9/9/2019,IDB000000002869,"GESTAMP CHATTANOOGA, LLC",4120 JERSEY PIKE,Chattanooga,048703P,,ID01,KELLEN GIBSON,ACCOUNTANT,KGIBSON@US.GESTAMP.COM,28726323.0,,78492.0,159971.0,,11/30/2015,12/28/2026,,
2019,,IDB,9/9/2019,IDB000000002665,"GESTAMP CHATTANOOGA, LLC",3063 HICKORY VALLEY ROAD,Chattanooga,130 00125,,ID01,KELLEN GIBSON,ACCOUNTANT,KGIBSON@US.GESTAMP.COM,50958500.0,,299828.0,364113.0,,02/07/2010,12/28/2024,,
2019,,HED,9/17/2019,IDB000000003006,HERITAGE-MACLELLAN APARTMENTS,721 BROAD ST,Chattanooga,145CBA005L000,,HE05,BRITTANY HARDY,PROPERTY OPERATIONS MANAGER,BHARDY@HLD-LLC.COM,1041800.0,,806.0,13025.0,,04/06/2016,04/06/2032,,
2019,,IDB,9/23/2019,IDB000000003265,HOMESERVE USA CORP,7134 LEE HIGHWAY,Chattanooga,139 P C 007,,ID06,DAVID LIPSKY,TAX DIRECTOR,DAVID.LIPSKY@HOMESERVEUSA.COM,5456100.0,667000.0,,,,12/18/2017,12/18/2023,,
2019,,IDB,9/23/2019,IDB000000003265,HOMESERVE USA CORP,7134 LEE HIGHWAY,Chattanooga,139 P C 007 P,,ID06,DAVID LIPSKY,TAX DIRECTOR,DAVID.LIPSKY@HOMESERVEUSA.COM,2448246.0,667000.0,,,,12/21/2017,12/21/2023,,
2019,,IDB,9/30/2019,IDB000000001466,MCKEE FOODS CORPORATION,10638 APISON PIKE,Collegedale,1034595,,ID01,CAGLE LEISA,VICE PRESIDENT & CONTROLLER,LORI.PERKINS@MCKEE.COM,11553453.0,,28584.0,47921.0,,08/02/2008,12/29/2019,,
2019,,IDB,9/30/2019,IDB000000001467,MCKEE FOODS CORPORATION,10617 APISON PIKE,Collegedale,151 03600,,ID01,CAGLE LEISA,VICE PRESIDENT & CONTROLLER,LORI.PERKINS@MCKEE.COM,9902500.0,,32666.0,54764.0,,08/02/2008,12/29/2019,,
2019,,IDB,9/30/2019,IDB000000003211,MCKEE FOODS CORPORATION,10260 MCKEE DRIVE & 10638 APISON PIKE,Collegedale,10052016,,ID01,CAGLE LEISA,VICE PRESIDENT & CONTROLLER,LORI.PERKINS@MCKEE.COM,47196837.0,,93416.0,323970.0,,12/29/2017,12/28/2027,,
2019,,IDB,9/30/2019,IDB000000003212,MCKEE FOODS CORPORATION,10260 MCKEE DRIVE,Collegedale,141033L000,,ID01,CAGLE LEISA,VICE PRESIDENT & CONTROLLER,LORI.PERKINS@MCKEE.COM,13660700.0,,36051.0,125027.0,,12/29/2017,12/28/2027,,
2019,,HED,9/30/2019,IDB899,"MK, LLC",1421 MARKET STREET,Chattanooga,145L B 00600,,HE03,MORGAN G. ADAMS,"CHIEF MANAGER, ADAMS LLC",ADAMS@TRUCKWRECKJUSTICE.COM,890640.0,,4698.0,,,09/27/2005,12/27/2020,,
2019,,IDB,9/30/2019,IDB000000002092,PROVIDENT LIFE & ACCIDENT INSURANCE COMPANY,437 WALNUT STREET,Chattanooga,135M E 00100,,ID03,WATSON MARGIE,"FINANCIAL MANAGER, C&W",MWATSON2@UNUM.COM,8368120.0,,57162.0,69418.0,,02/26/2011,02/26/2026,,
2019,,HED,9/20/2019,IDB000000001476,STANDIFER PLACE PROPERTIES LLC,2626 WALKER ROAD,Chattanooga,1022310,,HE02,JOHN MCKINNEY,ACCOUNTING MANAGER,JMCKINNEY@NHCCARE.COM,2366902.0,,,,,01/01/2003,01/01/2052,,
2019,,HED,9/20/2019,IDB000000001475,STANDIFER PLACE PROPERTIES LLC,2626 WALKER ROAD,Chattanooga,139 00302,,HE02,JOHN MCKINNEY,ACCOUNTING MANAGER,JMCKINNEY@NHCCARE.COM,16435172.0,,,,,01/01/2003,01/01/2052,,
2019,,HED,9/11/2019,IDB000000003143,TSO CHATTANOOGA DEVELOPMENT LP,728 MARKET STREET,Chattanooga,145 DA D 010 S000,,HE06,GAIL BATTLE,SR. VICE PRESIDENT,GAIL@SIMPSONORG.COM,27734600.0,,,,,10/17/2015,12/29/2031,,
2019,,IDB,10/9/2019,IDB000000002829,VAN DE WIELE INC,6093 RELOCATION WAY,Ooltewah,13200213,,ID01,BOB HARDING,PRESIDENT,BOB.HARDING@VANDEWIELE.COM,1500000.0,,33.0,33.0,,01/01/2016,01/01/2020,,
2019,,IDB,10/29/2019,IDB000000001859,"VOLKSWAGEN GROUP OF AMERICA, INC.",8001 VOLKSWAGEN DRIVE,Chattanooga,130 00118 024,,ID01,HENNESSEY LORRAINE,TAX MANAGER,LORRAINE.HENNESSEY@VW.COM,535673889.0,,2941064.0,,,12/24/2009,12/23/2039,,
2019,,IDB,10/29/2019,IDB000000001858,"VOLKSWAGEN GROUP OF AMERICA, INC.",8001 VOLKSWAGEN DRIVE,Chattanooga,1038312,,ID01,HENNESSEY LORRAINE,TAX MANAGER,LORRAINE.HENNESSEY@VW.COM,676036094.0,,2783781.0,,,12/28/2009,12/27/2039,,
2019,,HED,9/27/2019,IDB000000003259,WALNUT COMMONS LLC,212 WALNUT ST,Chattanooga,135 M B 008 2001,,HE05,KATHY ORTIZ,ACCOUNTING MANAGER,KORTIZ@GRAYCLIFFCAPITAL.COM,9890200.0,1329030.0,2289.0,2741.0,,11/28/2010,11/27/2025,,
2019,,IDB,9/30/2019,IDB000000002224,"WESTINGHOUSE ELECTRIC CO, LLC",401 RIVER TERMINAL ROAD,Chattanooga,1040363,,ID01,"STILES, CHRIS","MANAGER, STATE & LOCAL",STILESCG@WESTINGHOUSE.COM,6693453.0,,32282.0,124535.0,,01/01/2010,12/31/2020,,
2019,,IDB,9/19/2019,IDB000000001481,"WRIGLEY MANUFACTURING COMPANY, LLC",3200 JERSEY PIKE,Chattanooga,40153,,ID01,MARK HEFFERAN,TAX AGENT,MARK.HEFFERAN@RYAN.COM,1561620.0,,,33.0,,11/01/2006,01/01/2023,,
2019,,IDB,9/19/2019,IDB910,"WRIGLEY MANUFACTURING COMPANY, LLC",3200 JERSEY PIKE,Chattanooga,131I A 00201,,ID01,MARK HEFFERAN,TAX AGENT,MARK.HEFFERAN@RYAN.COM,1853920.0,,,33.0,,11/01/2006,01/01/2023,,
2019,,IDB,10/1/2019,IDB000000003316,YANFENG US AUTOMOTIVE INTERIOR SYSTEMS,7463 BONNYSHIRE DR,Chattanooga,50278,,ID01,TODD BARRON,AGENT,TBARRON@BARRONTAX.COM,12353875.0,,,,,05/15/2016,12/31/2030,,
2019,,IDB,10/1/2019,IDB000000003317,YANFENG US AUTOMOTIVE INTERIOR SYSTEMS,7463 BONNYSHIRE DR,Chattanooga,129M D 011,,ID01,TODD BARRON,AGENT,TBARRON@BARRONTAX.COM,9000000.0,,,,,05/15/2016,12/31/2030,,
2020,Hamilton,IDB,9/16/2020,IDB000000002918,AMAZON.COM.DEDC LLC,7200 VOLKSWAGEN DR,Chattanooga,040158,Personal,ID01,RICH MACHT,TAX ANALYST,RWMACHT@AMAZON.COM,14784358.0,,59000.0,,,12/31/2011,12/31/2022,,
2020,,IDB,9/16/2020,IDB000000002756,AMAZON.COM.DEDC LLC,7200 VOLKSWAGEN DR,Chattanooga,139074,Real,ID01,RICH MACHT,TAX ANALYST,RWMACHT@AMAZON.COM,65320900.0,,359000.0,,,12/31/2011,12/31/2022,,
2020,,IDB,9/30/2020,IDB000000001456,"BLUECROSS BLUESHIELD OF TENNESSEE, INC.",1 CAMERON HILL CIRCLE,Chattanooga,135N B 00502,Real,ID04,NICKSON ODENY,FINANCIAL COORDINATOR,NICKSON_ODENY@BCBST.COM,861274.0,43344.0,4694.0,5701.0,,02/27/2008,02/27/2028,,
2020,,IDB,9/30/2020,IDB000000001455,"BLUECROSS BLUESHIELD OF TENNESSEE, INC.",1 CAMERON HILL CIRCLE,Chattanooga,135N B 00501,Real,ID04,NICKSON ODENY,FINANCIAL COORDINATOR,NICKSON_ODENY@BCBST.COM,100957048.0,5080663.0,463429.0,562790.0,,02/27/2008,02/27/2028,,
2020,,IDB,9/30/2020,IDB889,"BLUECROSS BLUESHIELD OF TENNESSEE, INC.",1 CAMERON HILL CIRCLE,Chattanooga,135N B 00500,Real,ID04,NICKSON ODENY,FINANCIAL COORDINATOR,NICKSON_ODENY@BCBST.COM,90181678.0,4538393.0,413318.0,501936.0,,02/27/2008,02/27/2028,,
2020,,IDB,9/24/2020,IDB000000002206,COCA-COLA BOTTLING COMPANY UNITED INC,6060 SHALLOWFORD RD,Chattanooga,1380 B 00103,Real,ID01,MATTHEW BALANCE,SENIOR TAX ACCOUNTANT,MATTHEWBALANCE@CCBCU.COM,44236700.0,,99556.0,121680.0,,04/23/2014,04/23/2026,,
2020,,IDB,9/24/2020,IDB000000003111,COCA-COLA BOTTLING COMPANY UNITED INC,6060 SHALLOWFORD RD,Chattanooga,47001,Personal,ID01,MATTHEW BALANCE,SENIOR TAX ACCOUNTANT,MATTHEWBALANCE@CCBCU.COM,10075095.0,,17002.0,20780.0,,04/23/2014,04/23/2026,,
2020,,HED,9/18/2020,IDB153280,ECG CHESTNUT LP,ECG CHESTNUT LP,Chattanooga,145KG001,Real,HE05,ANN MARIE WETHERINGTON,DIRECTOR OF COMPLIANCE,AWETHERINGTON@ELMINGTONPM.COM,75840.0,,,,,12/19/2017,12/31/2033,,
2020,,HED,9/15/2020,IDB000000003006,HERITAGE-MACLELLAN APARTMENTS,721 BROAD ST,Chattanooga,145CBA005L000,Real,HE05,BRITTANY HARDY,PROPERTY OPERATIONS MANAGER,BHARDY@HLD-LLC.COM,1041800.0,,806.0,13025.0,,04/15/2016,04/05/2032,,
2020,,IDB,9/30/2020,IDB000000003265,HOMESERVE USA CORP,7134 LEE HIGHWAY,Chattanooga,139 P C 007,Real,ID06,DAVID LIPSKY,TAX DIRECTOR,DAVID.LIPSKY@HOMESERVEUSA.COM,5456100.0,667000.0,,,,12/18/2017,12/18/2023,,
2020,,IDB,9/30/2020,IDB000000003266,HOMESERVE USA CORP,7134 LEE HIGHWAY,Chattanooga,139 P C 007 P,Personal,ID06,DAVID LIPSKY,TAX DIRECTOR,DAVID.LIPSKY@HOMESERVEUSA.COM,2493843.0,667000.0,,,,12/17/2017,12/17/2023,,
2020,,IDB,9/15/2020,IDB000000003211,MCKEE FOODS CORPORATION,10260 MCKEE DRIVE & 10638 APISON PIKE,Collegedale,10052016,Personal,ID01,LISA CAGLE,VICE PRESIDENT & CONTROLLER,DAWN.BROCK@MCKEE.COM,79330176.0,,215976.0,643255.0,,12/29/2017,12/28/2027,,
2020,,IDB,9/15/2020,IDB000000003212,MCKEE FOODS CORPORATION,10260 MCKEE DRIVE,Collegedale,141033L000,Real,ID01,LISA CAGLE,VICE PRESIDENT & CONTROLLER,DAWN.BROCK@MCKEE.COM,13660700.0,,49588.0,147692.0,,12/29/2017,12/28/2027,,
2020,,HED,9/18/2020,IDB899,"MK, LLC",1421 MARKET STREET,Chattanooga,145L B 00600,Real,HE05,MORGAN G. ADAMS,"CHIEF MANAGER, ADAMS LLC",ADAMS@TRUCKWRECKJUSTICE.COM,890640.0,,7300.0,8784.0,,09/27/2005,12/27/2021,,
2020,,IDB,9/23/2020,IDB000000002218,PLASTIC OMNIUM AUTO EXTERIORS,3241 HICKORY VALLEY ROAD,Chattanooga,130 00133,Real,ID01,JORGE GARCIA,CHATTANOOGA PLANT CONTROLLER,JORGE-MAURICIO.GARCIA-ESPINOSA@PLASTICOMNIUM.COM JORGE-MAURICIO.GARCIA-ESPINOSA@PLASTICOMNIUM.COM,19088600.0,,43465.0,28917.0,,08/20/2014,01/01/2026,,
2020,,IDB,9/23/2020,IDB000000002900,PLASTIC OMNIUM AUTO EXTERIORS,3241 HICKORY VALLEY ROAD,Chattanooga,046992,Personal,ID01,JORGE GARCIA,CHATTANOOGA PLANT CONTROLLER,,29917434.0,,55126.0,36676.0,,08/20/2014,01/01/2026,,
2020,,IDB,9/16/2020,IDB000000002092,PROVIDENT LIFE & ACCIDENT INSURANCE CO,437 WALNUT STREET,Chattanooga,135M E 00100,Real,ID04,WATSON MARGIE,"FINANCIAL MANAGER, C&W",MWATSON2@UNUM.COM,8368120.0,,57162.0,69418.0,,02/26/2011,02/26/2026,,
2020,,HED,9/29/2020,IDB000000001362,SOUTH MARKET LLC,1280 MARKET STREET,Chattanooga,145E L 01301 C 001,Real,HE05,THOMAS JOHNSON,CHIEF MANAGER,TJSOLAR@BELLSOUTH.NET,577120.0,,8590.0,10433.0,,04/17/2002,12/31/2020,,
2020,,HED,9/4/2020,IDB000000001476,STANDIFER PLACE PROPERTIES LLC,2626 WALKER ROAD,Chattanooga,1022310,Personal,HE02,JOHN MCKINNEY,ACCOUNTING MANAGER,JMCKINNEY@NHCCARE.COM,2366902.0,,,,,01/01/2003,01/01/2052,,
2020,,HED,9/4/2020,IDB000000001475,STANDIFER PLACE PROPERTIES LLC,2626 WALKER ROAD,Chattanooga,139 00302,Real,HE02,JOHN MCKINNEY,ACCOUNTING MANAGER,JMCKINNEY@NHCCARE.COM,16435172.0,,,,,01/01/2003,01/01/2052,,
2020,,HED,9/16/2020,IDB000000003143,TSO CHATTANOOGA DEVELOPMENT LP,728 MARKET STREET,Chattanooga,145 DA D 010 S000,Real,HE05,GAIL BATTLE,SR. VICE PRESIDENT,GAIL@SIMPSONORG.COM,27734600.0,,,,,10/17/2015,12/29/2031,,
2020,,IDB,9/14/2020,IDB000000002829,VAN DE WIELE INC,6093 RELOCATION WAY,Chattanooga,13200213,Real,ID01,BOB HARDING,PRESIDENT,BOB.HARDING@VANDEWIELE.COM,1500000.0,,,,,01/01/2015,12/31/2020,,
2020,,IDB,10/6/2020,IDB000000001859,"VOLKSWAGEN GROUP OF AMERICA, INC.",8001 VOLKSWAGEN DRIVE,Chattanooga,130 00118 024,Real,ID01,HENNESSEY LORRAINE,TAX MANAGER,LORRAINE.HENNESSEY@VW.COM,534658372.0,,3326547.0,,,12/24/2009,12/23/2039,,
2020,,IDB,10/6/2020,IDB000000001858,"VOLKSWAGEN GROUP OF AMERICA, INC.",8001 VOLKSWAGEN DRIVE,Chattanooga,1038312,Personal,ID01,HENNESSEY LORRAINE,TAX MANAGER,LORRAINE.HENNESSEY@VW.COM,595199686.0,,2025074.0,,,12/24/2009,12/23/2039,,
2020,,HED,9/21/2020,IDB000000003259,WALNUT COMMONS LLC,212 WALNUT ST,Chattanooga,135 M B 008 2001,Real,HE05,KATHY ORTIZ,ACCOUNTING MANAGER,KORTIZ@GRAYCLIFFCAPITAL.COM,9890200.0,1329030.0,2289.0,2741.0,,11/28/2010,11/27/2025,,
2020,,IDB,10/1/2020,IDB000000001481,"WRIGLEY MANUFACTURING COMPANY, LLC",3200 JERSEY PIKE,Chattanooga,40153,Personal,ID01,MARK HEFFERAN,TAX AGENT,MARK.HEFFERAN@RYAN.COM,1473509.0,,,,,12/31/2010,01/01/2023,,
2020,,IDB,10/1/2020,IDB910,"WRIGLEY MANUFACTURING COMPANY, LLC",3200 JERSEY PIKE,Chattanooga,131I A 00201,Real,ID01,MARK HEFFERAN,TAX AGENT,MARK.HEFFERAN@RYAN.COM,1894500.0,,,,,12/31/2010,01/01/2023,,
2020,,IDB,10/1/2020,IDB000000003316,YANFENG US AUTOMOTIVE INTERIOR SYSTEMS,7463 BONNYSHIRE DR,Chattanooga,50278,Personal,ID01,TODD BARRON,AGENT,TBARRON@BARRONTAX.COM,11042156.0,,104224.0,25092.0,,05/15/2016,12/31/2030,,
2020,,IDB,10/1/2020,IDB000000003317,YANFENG US AUTOMOTIVE INTERIOR SYSTEMS,7463 BONNYSHIRE DR,Chattanooga,129M D 011,Real,ID01,TODD BARRON,AGENT,TBARRON@BARRONTAX.COM,9000000.0,,117951.0,121669.0,,05/15/2016,12/31/2030,,
2021,Hamilton,IDB,9/21/2021,,AMAZON.COM.DEDC LLC,7200 VOLKSWAGEN DR,Chattanooga,040158,Personal,ID01,RICH MACHT,TAX ANALYST,RWMACHT@AMAZON.COM,13751713.0,,55000.0,,,12/31/2011,12/31/2022,,
2021,,IDB,9/21/2021,,AMAZON.COM.DEDC LLC,7200 VOLKSWAGEN DR,Chattanooga,139074,Real,ID01,RICH MACHT,TAX ANALYST,RWMACHT@AMAZON.COM,69329100.0,,381000.0,,,12/31/2011,12/31/2022,,
2021,,IDB,9/30/2021,,"BLUECROSS BLUESHIELD OF TENNESSEE, INC.",1 CAMERON HILL CIRCLE,Chattanooga,135N B 00502,Real,ID04,NICKSON ODENY,FINANCIAL COORDINATOR,NICKSON_ODENY@BCBST.COM,861274.0,50294.0,4638.0,4612.0,,02/27/2008,02/27/2028,,
2021,,IDB,9/30/2021,,"BLUECROSS BLUESHIELD OF TENNESSEE, INC.",1 CAMERON HILL CIRCLE,Chattanooga,135N B 00501,Real,ID04,NICKSON ODENY,FINANCIAL COORDINATOR,NICKSON_ODENY@BCBST.COM,100957048.0,5895427.0,457933.0,455348.0,,02/27/2008,02/27/2028,,
2021,,IDB,9/30/2021,,"BLUECROSS BLUESHIELD OF TENNESSEE, INC.",1 CAMERON HILL CIRCLE,Chattanooga,135N B 00500,Real,ID04,NICKSON ODENY,FINANCIAL COORDINATOR,NICKSON_ODENY@BCBST.COM,90181678.0,5266195.0,408417.0,406112.0,,02/27/2008,02/27/2028,,
2021,,IDB,9/22/2021,,COCA-COLA BOTTLING COMPANY UNITED INC,6060 SHALLOWFORD RD,Chattanooga,1380 B 00103,Real,ID01,MATTHEW BALANCE,SENIOR TAX ACCOUNTANT,MATTHEWBALANCE@CCBCU.COM,47155700.0,,106101.0,129678.0,,04/23/2014,04/23/2026,,
2021,,IDB,9/22/2021,,COCA-COLA BOTTLING COMPANY UNITED INC,6060 SHALLOWFORD RD,Chattanooga,47001,Personal,ID01,MATTHEW BALANCE,SENIOR TAX ACCOUNTANT,MATTHEWBALANCE@CCBCU.COM,7328299.0,,12366.0,15115.0,,04/23/2014,04/23/2026,,
2021,,HED,9/17/2021,,ECG CHESTNUT LP,ECG CHESTNUT LP,Chattanooga,145KG001,Real,HE05,ANN MARIE WETHERINGTON,DIRECTOR OF COMPLIANCE,AWETHERINGTON@ELMINGTONPM.COM,75840.0,,,,,12/19/2017,12/31/2033,,
2021,,HED,9/7/2021,,HERITAGE-MACLELLAN APARTMENTS,721 BROAD ST,Chattanooga,145CBA005L000,Real,HE05,BRITTANY HARDY,PROPERTY OPERATIONS MANAGER,BHARDY@HLD-LLC.COM,1041800.0,,806.0,13025.0,,04/15/2016,04/05/2032,,
2021,,IDB,9/15/2021,,MCKEE FOODS CORPORATION,10260 MCKEE DRIVE & 10638 APISON PIKE,Collegedale,10052016,Personal,ID01,LISA CAGLE,VICE PRESIDENT & CONTROLLER,DAWN.BROCK@MCKEE.COM,67012452.0,,215613.0,473288.0,,12/29/2017,12/28/2027,,
2021,,IDB,9/15/2021,,MCKEE FOODS CORPORATION,10260 MCKEE DRIVE,Collegedale,141033L000,Real,ID01,LISA CAGLE,VICE PRESIDENT & CONTROLLER,DAWN.BROCK@MCKEE.COM,14426400.0,,61889.0,135852.0,,12/29/2017,12/28/2027,,
2021,,IDB,9/15/2021,,MCKEE FOODS CORPORATION,10260 MCKEE DRIVE,Collegedale,10058089,Personal,ID01,LISA CAGLE,VICE PRESIDENT & CONTROLLER,DAWN.BROCK@MCKEE.COM,4793803.0,,,17981.0,,01/01/2020,12/31/2034,,
2021,,HED,9/20/2021,,"MK, LLC",1421 MARKET STREET,Chattanooga,145L B 00600,Real,HE05,MORGAN G. ADAMS,"CHIEF MANAGER, ADAMS LLC",ADAMS@TRUCKWRECKJUSTICE.COM,890640.0,,7300.0,8784.0,,09/27/2005,12/27/2021,,
2021,,HED,9/17/2021,,PATTEN AFFORDABLE PARTNERS LP,1 EAST 11TH STRETT,Chattanooga,145 DX 007,Real,HE05,ANN MARIE WETHERINGTON,DIRECTOR OF COMPLIANCE,AWETHERINGTON@ELMINGTONPM.COM,2878320.0,,,,,06/07/2019,12/31/2044,,
2021,,IDB,9/29/2021,,PROVIDENT LIFE & ACCIDENT INSURANCE CO,437 WALNUT STREET,Chattanooga,135M E 00100,Real,ID04,WATSON MARGIE,"FINANCIAL MANAGER, C&W",MWATSON2@UNUM.COM,8368120.0,,57162.0,69418.0,,02/26/2011,02/26/2026,,
2021,,HED,9/2/2021,,STANDIFER PLACE PROPERTIES LLC,2626 WALKER ROAD,Chattanooga,1022310,Personal,HE02,JOHN MCKINNEY,ACCOUNTING MANAGER,JMCKINNEY@NHCCARE.COM,2366902.0,,,,,01/01/2003,01/01/2052,,
2021,,HED,9/2/2021,,STANDIFER PLACE PROPERTIES LLC,2626 WALKER ROAD,Chattanooga,139 00302,Real,HE02,JOHN MCKINNEY,ACCOUNTING MANAGER,JMCKINNEY@NHCCARE.COM,16435172.0,,,,,01/01/2003,01/01/2052,,
2021,,HED,9/21/2021,,TSO CHATTANOOGA DEVELOPMENT LP,728 MARKET STREET,Chattanooga,145 DA D 010 S000,Real,HE05,GAIL BATTLE,SR. VICE PRESIDENT,GAIL@SIMPSONORG.COM,22403534.0,,,,,10/17/2015,12/29/2031,,
2021,,IDB,9/30/2021,,"VOLKSWAGEN GROUP OF AMERICA, INC.",8001 VOLKSWAGEN DRIVE,Chattanooga,130 00118 018,Real,ID01,HENNESSEY LORRAINE,TAX MANAGER,LORRAINE.HENNESSEY@VW.COM,580075466.0,,2941064.0,,,12/24/2009,12/23/2039,,
2021,,IDB,9/30/2021,,"VOLKSWAGEN GROUP OF AMERICA, INC.",8001 VOLKSWAGEN DRIVE,Chattanooga,1038312,Personal,ID01,HENNESSEY LORRAINE,TAX MANAGER,LORRAINE.HENNESSEY@VW.COM,611666023.0,,1856284.0,,,12/24/2009,12/23/2039,,
2021,,HED,9/22/2021,,WALNUT COMMONS LLC,212 WALNUT ST,Chattanooga,135 M B 008 2001,Real,HE05,KATHY ORTIZ,ACCOUNTING MANAGER,KORTIZ@GRAYCLIFFCAPITAL.COM,9890200.0,1329030.0,2289.0,2741.0,,11/28/2010,11/27/2025,,
2021,,IDB,9/28/2021,,"WRIGLEY MANUFACTURING COMPANY, LLC",3200 JERSEY PIKE,Chattanooga,40153,Personal,ID01,MARK HEFFERAN,TAX AGENT,MARK.HEFFERAN@RYAN.COM,1424608.0,,,,,12/31/2010,01/01/2023,,
2021,,IDB,9/28/2021,,"WRIGLEY MANUFACTURING COMPANY, LLC",3200 JERSEY PIKE,Chattanooga,131I A 00201,Real,ID01,MARK HEFFERAN,TAX AGENT,MARK.HEFFERAN@RYAN.COM,1894500.0,,,,,12/31/2010,01/01/2023,,
2021,,IDB,9/29/2021,,YANFENG US AUTOMOTIVE INTERIOR SYSTEMS,7463 BONNYSHIRE DR,Chattanooga,50278,Personal,ID01,TODD BARRON,AGENT,TBARRON@BARRONTAX.COM,11042156.0,,44088.0,62907.0,,05/15/2016,12/31/2030,,
2021,,IDB,9/29/2021,,YANFENG US AUTOMOTIVE INTERIOR SYSTEMS,7463 BONNYSHIRE DR,Chattanooga,129M D 011,Real,ID01,TODD BARRON,AGENT,TBARRON@BARRONTAX.COM,9000000.0,,40986.0,58480.0,,05/15/2016,12/31/2030,,
2022,Hamilton,IDB,9/27/2022,,AMAZON.COM.DEDC LLC,7200 VOLKSWAGEN DR,Chattanooga,040158,Personal,ID01,SWETHA GOUD,SR. TAX ANALYST,SWEP@AMAZON.COM,13749157.0,,55000.0,,,12/24/2011,12/24/2022,,
2022,,IDB,9/27/2022,,AMAZON.COM.DEDC LLC,7200 VOLKSWAGEN DR,Chattanooga,139074,Real,ID01,SWETHA GOUD,SR. TAX ANALYST,SWEP@AMAZON.COM,69329100.0,,381000.0,,,12/28/2011,12/28/2022,,
2022,,IDB,9/28/2022,,"BLUECROSS BLUESHIELD OF TENNESSEE, INC.",1 CAMERON HILL CIRCLE,Chattanooga,135N B 00502,Real,ID04,NICKSON ODENY,FINANCIAL COORDINATOR,NICKSON_ODENY@BCBST.COM,861274.0,49450.0,4837.0,4810.0,,02/27/2008,02/27/2028,,
2022,,IDB,9/28/2022,,"BLUECROSS BLUESHIELD OF TENNESSEE, INC.",1 CAMERON HILL CIRCLE,Chattanooga,135N B 00501,Real,ID04,NICKSON ODENY,FINANCIAL COORDINATOR,NICKSON_ODENY@BCBST.COM,100957048.0,5796424.0,609313.0,605874.0,,02/27/2008,02/27/2028,,
2022,,IDB,9/28/2022,,"BLUECROSS BLUESHIELD OF TENNESSEE, INC.",1 CAMERON HILL CIRCLE,Chattanooga,135N B 00500,Real,ID04,NICKSON ODENY,FINANCIAL COORDINATOR,NICKSON_ODENY@BCBST.COM,90181678.0,5177759.0,437540.0,435070.0,,02/27/2008,02/27/2028,,
2022,,IDB,9/21/2022,,COCA-COLA BOTTLING COMPANY UNITED INC,6060 SHALLOWFORD RD,Chattanooga,1380 B 00103,Real,ID01,MATTHEW BALANCE,SENIOR TAX ACCOUNTANT,MATTHEWBALANCE@CCBCU.COM,47155700.0,,106101.0,129678.0,,04/23/2014,04/23/2026,,
2022,,IDB,9/21/2022,,COCA-COLA BOTTLING COMPANY UNITED INC,6060 SHALLOWFORD RD,Chattanooga,47001,Personal,ID01,MATTHEW BALANCE,SENIOR TAX ACCOUNTANT,MATTHEWBALANCE@CCBCU.COM,4416610.0,,7067.0,8833.0,,04/23/2014,04/23/2026,,
2022,,HED,9/27/2022,,ECG CHESTNUT LP,ECG CHESTNUT LP,Chattanooga,145KG001,Real,HE05,JENNA DANLEY,DIRECTOR OF COMPLIANCE,JDANLEY@ELMINGTONPM.COM,75840.0,,,,,12/19/2017,12/31/2033,,
2022,,IDB,9/29/2022,,"GESTAMP CHATTANOOGA II, LLC",7529 FERDINAND PIECH WAY,Chattanooga,048704P,Personal,ID01,KELLEN GIBSON,ACCOUNTANT,KGIBSON@US.GESTAMP.COM,11894070.0,,40142.0,57964.0,,12/09/2015,12/29/2026,,
2022,,IDB,9/29/2022,,"GESTAMP CHATTANOOGA II, LLC",7529 FERDINAND PIECH WAY,Chattanooga,13000134,Real,ID01,KELLEN GIBSON,ACCOUNTANT,KGIBSON@US.GESTAMP.COM,45589300.0,,205152.0,296230.0,,12/09/2015,12/29/2026,,
2022,,IDB,9/29/2022,,"GESTAMP CHATTANOOGA, LLC",4120 JERSEY PIKE,Chattanooga,138I A 003,Real,ID01,KELLEN GIBSON,ACCOUNTANT,KGIBSON@US.GESTAMP.COM,13625000.0,,61315.0,88536.0,,11/30/2015,12/28/2026,,
2022,,IDB,9/29/2022,,"GESTAMP CHATTANOOGA, LLC",3063 HICKORY VALLEY ROAD,Chattanooga,038692P,Personal,ID01,KELLEN GIBSON,ACCOUNTANT,KGIBSON@US.GESTAMP.COM,10662133.0,,46492.0,46230.0,,02/07/2010,12/28/2024,,
2022,,IDB,9/29/2022,,"GESTAMP CHATTANOOGA, LLC",3093 HICKORY VALLEY RD,Chattanooga,049271P,Personal,ID01,KELLEN GIBSON,ACCOUNTANT,KGIBSON@US.GESTAMP.COM,24132407.0,,81447.0,117606.0,,10/31/2015,12/28/2026,,
2022,,IDB,9/29/2022,,"GESTAMP CHATTANOOGA, LLC",3093 HICKORY VALLEY RD,Chattanooga,13000126,Real,ID01,KELLEN GIBSON,ACCOUNTANT,KGIBSON@US.GESTAMP.COM,13609500.0,,61243.0,88432.0,,10/31/2015,12/28/2026,,
2022,,IDB,9/29/2022,,"GESTAMP CHATTANOOGA, LLC",4120 JERSEY PIKE,Chattanooga,048703P,Personal,ID01,KELLEN GIBSON,ACCOUNTANT,KGIBSON@US.GESTAMP.COM,39996917.0,,134990.0,194919.0,,11/30/2015,12/28/2026,,
2022,,IDB,9/29/2022,,"GESTAMP CHATTANOOGA, LLC",3063 HICKORY VALLEY ROAD,Chattanooga,130 00125,Real,ID01,KELLEN GIBSON,ACCOUNTANT,KGIBSON@US.GESTAMP.COM,80546000.0,,468294.0,465651.0,,02/07/2010,12/28/2024,,
2022,,HED,10/18/2022,,HERITAGE-MACLELLAN APARTMENTS,721 BROAD ST,Chattanooga,145CBA005L000,Real,HE05,BRITTANY HARDY,PROPERTY OPERATIONS MANAGER,BHARDY@HLD-LLC.COM,1041800.0,,806.0,13025.0,,04/15/2016,04/05/2032,,
2022,,IDB,10/4/2022,,HOMESERVE USA CORP,7134 LEE HIGHWAY,Chattanooga,139 P C 007,Real,ID06,DAVID LIPSKY,TAX DIRECTOR,DAVID.LIPSKY@HOMESERVEUSA.COM,5456100.0,667000.0,,,,12/18/2017,12/18/2023,,
2022,,IDB,10/4/2022,,HOMESERVE USA CORP,7134 LEE HIGHWAY,Chattanooga,139 P C 007 P,Personal,ID06,DAVID LIPSKY,TAX DIRECTOR,DAVID.LIPSKY@HOMESERVEUSA.COM,2493843.0,667000.0,,,,12/17/2017,12/17/2023,,
2022,,IDB,9/26/2022,,MCKEE FOODS CORPORATION,10260 MCKEE DRIVE & 10638 APISON PIKE,Collegedale,10052016,Personal,ID01,BRYAN MATTICE,CONTROLLER,DAWN.BROCK@MCKEE.COM,53763454.0,,145694.0,307223.0,,12/29/2017,12/28/2027,,
2022,,IDB,9/26/2022,,MCKEE FOODS CORPORATION,10260 MCKEE DRIVE,Collegedale,141033L000,Real,ID01,BRYAN MATTICE,CONTROLLER,DAWN.BROCK@MCKEE.COM,5770560.0,,52126.0,109917.0,,12/29/2017,12/28/2027,,
2022,,IDB,9/26/2022,,MCKEE FOODS CORPORATION,10300 APISON PIKE,Collegedale,10058089,Personal,ID01,BRYAN MATTICE,CONTROLLER,DAWN.BROCK@MCKEE.COM,13711671.0,,,14548.0,,01/01/2020,12/31/2034,,
2022,,IDB,9/26/2022,,MCKEE FOODS CORPORATION,10300 APISON PIKE,Chattanooga,140 172 L000,Real,ID01,BRYAN MATTICE,CONTROLLER,DAWN.BROCK@MCKEE.COM,715000.0,,,2893.0,,01/01/2020,12/31/2034,,
2022,,IDB,9/30/2022,,NOVONIX ANODE MATERIALS LLC,1029 WEST 19TH STREET,Chattanooga,145G A 00217 000,Real,ID01,MARK W. SMITH,ATTORNEY,MARK.SMITH@MILLERMARTIN.COM,41843328.0,,,,,07/28/2021,12/31/2036,,
2022,,IDB,9/30/2022,,NOVONIX ANODE MATERIALS LLC,1029 WEST 19TH STREET,Chattanooga,145G A 00218 000,Real,ID01,MARK W. SMITH,ATTORNEY,MARK.SMITH@MILLERMARTIN.COM,22004.0,,,,,07/28/2021,12/31/2036,,
2022,,IDB,9/30/2022,,NOVONIX ANODE MATERIALS LLC,1029 WEST 19TH STREET,Chattanooga,10061953,Personal,ID01,MARK W. SMITH,ATTORNEY,MARK.SMITH@MILLERMARTIN.COM,16684034.0,,,,,07/28/2021,12/31/2036,,
2022,,IDB,9/15/2022,,PROVIDENT LIFE & ACCIDENT INSURANCE CO,437 WALNUT STREET,Chattanooga,135M E 00100,Real,ID04,WATSON MARGIE,"FINANCIAL MANAGER, C&W",MWATSON2@UNUM.COM,12362160.0,,83445.0,82974.0,,02/26/2011,02/26/2026,,
2022,,IDB,9/30/2022,,SOUTHLAND PARTNERS,2601 RIVERPORT ROAD,Chattanooga,127K A00129 000,Real,ID01,KEVIN CARDWELL,CORPORATE CONTROLLER,KEVIN.CARDWELL@SCTRAY.COM,3216000.0,,,,,09/21/2021,09/21/2026,,
2022,,HED,9/21/2022,,STANDIFER PLACE PROPERTIES LLC,2626 WALKER ROAD,Chattanooga,1022310,Personal,HE02,JOHN MCKINNEY,ACCOUNTING MANAGER,JMCKINNEY@NHCCARE.COM,2366902.0,,,,,01/01/2003,01/01/2052,,
2022,,HED,9/21/2022,,STANDIFER PLACE PROPERTIES LLC,2626 WALKER ROAD,Chattanooga,139 00302,Real,HE02,JOHN MCKINNEY,ACCOUNTING MANAGER,JMCKINNEY@NHCCARE.COM,16435172.0,,,,,01/01/2003,01/01/2052,,
2022,,HED,9/15/2022,,TSO CHATTANOOGA DEVELOPMENT LP,728 MARKET STREET,Chattanooga,145 DA D 010 S000,Real,HE05,GAIL BATTLE,SR. VICE PRESIDENT,GAIL@SIMPSONORG.COM,22403534.0,,,,,10/17/2015,12/29/2031,,
2022,,IDB,10/1/2022,,"VOLKSWAGEN GROUP OF AMERICA, INC.",8001 VOLKSWAGEN DRIVE,Chattanooga,130 00118 018,Real,ID01,HENNESSEY LORRAINE,TAX MANAGER,LORRAINE.HENNESSEY@VW.COM,541263006.0,,3009779.0,,,12/24/2009,12/23/2039,,
2022,,IDB,10/1/2022,,"VOLKSWAGEN GROUP OF AMERICA, INC.",8001 VOLKSWAGEN DRIVE,Chattanooga,1038312,Personal,ID01,HENNESSEY LORRAINE,TAX MANAGER,LORRAINE.HENNESSEY@VW.COM,469864918.0,,1747436.0,,,12/24/2009,12/23/2039,,
2022,,IDB,9/14/2022,,"WRIGLEY MANUFACTURING COMPANY, LLC",3200 JERSEY PIKE,Chattanooga,40153,Personal,ID01,MARK HEFFERAN,TAX AGENT,MARK.HEFFERAN@RYAN.COM,1424608.0,,,,,12/31/2010,01/01/2023,,
2022,,IDB,9/14/2022,,"WRIGLEY MANUFACTURING COMPANY, LLC",3200 JERSEY PIKE,Chattanooga,131I A 00201,Real,ID01,MARK HEFFERAN,TAX AGENT,MARK.HEFFERAN@RYAN.COM,1894500.0,,,,,12/31/2010,01/01/2023,,
2022,,IDB,9/30/2022,,YANFENG US AUTOMOTIVE INTERIOR SYSTEMS,7463 BONNYSHIRE DR,Chattanooga,50278,Personal,ID01,TODD BARRON,AGENT,TBARRON@BARRONTAX.COM,10608820.0,,35805.0,51700.0,,05/15/2016,12/31/2030,,
2022,,IDB,9/30/2022,,YANFENG US AUTOMOTIVE INTERIOR SYSTEMS,7463 BONNYSHIRE DR,Chattanooga,129M D 011,Real,ID01,TODD BARRON,AGENT,TBARRON@BARRONTAX.COM,9000000.0,,40500.0,58480.0,,05/15/2016,12/31/2030,,
2023,Hamilton,HED,2023-09-24 00:00:00,,BAYBERRY APARTMENTS,NOF,Chattanooga,146 D A009,Real,HE05,MISTI BAARSCH,DIRECTOR OF ACCOUNTING,MBAARSCH1@ALCOMGT.COM,3667200.0,,33078.0,89336.0,,02/15/2018,12/31/2032,,
2023,,IDB,2023-09-27 00:00:00,,"BLUECROSS BLUESHIELD OF TENNESSEE, INC.",1 CAMERON HILL CIRCLE,Chattanooga,135N  B  00502,Real,ID04,NICKSON ODENY,FINANCIAL COORDINATOR,NICKSON_ODENY@BCBST.COM,861274.0,48276.0,4837.0,4810.0,,02/27/2008,02/27/2028,,
2023,,IDB,2023-09-27 00:00:00,,"BLUECROSS BLUESHIELD OF TENNESSEE, INC.",1 CAMERON HILL CIRCLE,Chattanooga,135N  B  00501,Real,ID04,NICKSON ODENY,FINANCIAL COORDINATOR,NICKSON_ODENY@BCBST.COM,100957048.0,5658837.0,609313.0,605874.0,,02/27/2008,02/27/2028,,
2023,,IDB,2023-09-27 00:00:00,,"BLUECROSS BLUESHIELD OF TENNESSEE, INC.",1 CAMERON HILL CIRCLE,Chattanooga,135N  B  00500,Real,ID04,NICKSON ODENY,FINANCIAL COORDINATOR,NICKSON_ODENY@BCBST.COM,90181678.0,5054856.0,437540.0,435070.0,,02/27/2008,02/27/2028,,
2023,,HED,2023-09-24 00:00:00,,CAMPBELL RIDGE APARTMENTS,NOF,Chattanooga,128 P N 003,Real,HE05,MISTI BAARSCH,DIRECTOR OF ACCOUNTING,MBAARSCH1@ALCOMGT.COM,776880.0,,28905.0,35103.0,,01/01/2022,12/31/2035,,
2023,,IDB,9/6/2023,,COCA-COLA BOTTLING COMPANY UNITED INC,6060 SHALLOWFORD RD,Chattanooga,1380 B 00103,Real,ID01,MATTHEW BALANCE,SENIOR TAX ACCOUNTANT,MATTHEWBALANCE@CCBCU.COM,47155700.0,,106101.0,129678.0,,04/23/2014,04/23/2026,,
2023,,IDB,9/6/2023,,COCA-COLA BOTTLING COMPANY UNITED INC,6060 SHALLOWFORD RD,Chattanooga,47001,Personal,ID01,MATTHEW BALANCE,SENIOR TAX ACCOUNTANT,MATTHEWBALANCE@CCBCU.COM,3551202.0,,5682.0,7102.0,,04/23/2014,04/23/2026,,
2023,,HED,2023-09-19 00:00:00,,ECG CHESTNUT LP,2120 CHESTNUT ST,Chattanooga,145KG001,Real,HE05,JENNA DANLEY,DIRECTOR OF COMPLIANCE,JDANLEY@ELMINGTONPM.COM,75840.0,,,,,12/19/2017,12/31/2033,,
2023,,IDB,2023-09-28 00:00:00,,"GESTAMP CHATTANOOGA II, LLC",7529 FERDINAND PIECH WAY,Chattanooga,048704P,Personal,ID01,KELLEN GIBSON,ACCOUNTANT,KGIBSON@US.GESTAMP.COM,13907497.0,,46938.0,67776.0,,12/09/2015,12/29/2026,,
2023,,IDB,2023-09-28 00:00:00,,"GESTAMP CHATTANOOGA II, LLC",7529 FERDINAND PIECH WAY,Chattanooga,13000134,Real,ID01,KELLEN GIBSON,ACCOUNTANT,KGIBSON@US.GESTAMP.COM,45589300.0,,205152.0,296230.0,,12/09/2015,12/29/2026,,
2023,,IDB,2023-09-28 00:00:00,,"GESTAMP CHATTANOOGA, LLC",4120 JERSEY PIKE,Chattanooga,138I A 003,Real,ID01,KELLEN GIBSON,ACCOUNTANT,KGIBSON@US.GESTAMP.COM,13625000.0,,61315.0,88536.0,,11/30/2015,12/28/2026,,
2023,,IDB,2023-09-28 00:00:00,,"GESTAMP CHATTANOOGA, LLC",3063 HICKORY VALLEY ROAD,Chattanooga,038692P,Personal,ID01,KELLEN GIBSON,ACCOUNTANT,KGIBSON@US.GESTAMP.COM,7072230.0,,30838.0,30664.0,,02/07/2010,12/28/2024,,
2023,,IDB,2023-09-28 00:00:00,,"GESTAMP CHATTANOOGA, LLC",3093 HICKORY VALLEY RD,Chattanooga,049271P,Personal,ID01,KELLEN GIBSON,ACCOUNTANT,KGIBSON@US.GESTAMP.COM,34749273.0,,117279.0,169345.0,,10/31/2015,12/28/2026,,
2023,,IDB,2023-09-28 00:00:00,,"GESTAMP CHATTANOOGA, LLC",3093 HICKORY VALLEY RD,Chattanooga,13000126,Real,ID01,KELLEN GIBSON,ACCOUNTANT,KGIBSON@US.GESTAMP.COM,13609500.0,3177815.0,61243.0,88432.0,,10/31/2015,12/28/2026,,
2023,,IDB,2023-09-28 00:00:00,,"GESTAMP CHATTANOOGA, LLC",4120 JERSEY PIKE,Chattanooga,048703P,Personal,ID01,KELLEN GIBSON,ACCOUNTANT,KGIBSON@US.GESTAMP.COM,24102593.0,,81346.0,117460.0,,11/30/2015,12/28/2026,,
2023,,IDB,2023-09-28 00:00:00,,"GESTAMP CHATTANOOGA, LLC",3063 HICKORY VALLEY ROAD,Chattanooga,130 00125,Real,ID01,KELLEN GIBSON,ACCOUNTANT,KGIBSON@US.GESTAMP.COM,80546000.0,1549069.0,468294.0,465651.0,,02/07/2010,12/28/2024,,
2023,,HED,2023-09-05 00:00:00,,HERITAGE-MACLELLAN APARTMENTS,721 BROAD ST,Chattanooga,145CBA005L000,Real,HE05,BRITTANY HARDY,PROPERTY OPERATIONS MANAGER,BHARDY@HLD-LLC.COM,1041800.0,,806.0,13025.0,,04/15/2016,04/14/2032,,
2023,,IDB,2023-09-29 00:00:00,,HOMESERVE USA CORP,7134 LEE HIGHWAY,Chattanooga,139 P C 007,Real,ID06,DAVID LIPSKY,TAX DIRECTOR,DAVID.LIPSKY@HOMESERVEUSA.COM,5521400.0,839918.0,,,,2017-12-18 00:00:00,2023-12-19 00:00:00,,
2023,,IDB,2023-09-29 00:00:00,,HOMESERVE USA CORP,7134 LEE HIGHWAY,Chattanooga,139 P C 007 P,Personal,ID06,DAVID LIPSKY,TAX DIRECTOR,DAVID.LIPSKY@HOMESERVEUSA.COM,2941404.0,839918.0,,,,2017-12-19 00:00:00,2023-12-19 00:00:00,,
2023,,IDB,2023-09-30 00:00:00,,MCKEE FOODS CORPORATION,10260 MCKEE DRIVE & 10638 APISON PIKE,Collegedale,10052016,Personal,ID01,BRYAN MATTICE,CONTROLLER,TYRA.COUDEN@MCKEE.COM,53763454.0,,145694.0,307223.0,,12/29/2017,12/28/2027,,
2023,,IDB,2023-09-30 00:00:00,,MCKEE FOODS CORPORATION,10260 MCKEE DRIVE,Collegedale,141033L000,Real,ID01,BRYAN MATTICE,CONTROLLER,TYRA.COUDEN@MCKEE.COM,5770560.0,,52126.0,109917.0,,12/29/2017,12/28/2027,,
2023,,IDB,2023-09-30 00:00:00,,MCKEE FOODS CORPORATION,10300 APISON PIKE,Collegedale,10058089,Personal,ID01,BRYAN MATTICE,CONTROLLER,TYRA.COUDEN@MCKEE.COM,13711671.0,,,14548.0,,01/01/2020,12/31/2034,,
2023,,IDB,2023-09-30 00:00:00,,MCKEE FOODS CORPORATION,10300 APISON PIKE,Collegedale,140 172 L000,Real,ID01,BRYAN MATTICE,CONTROLLER,TYRA.COUDEN@MCKEE.COM,715000.0,,,2893.0,,01/01/2020,12/31/2034,,
2023,,HED,2023-09-19 00:00:00,,PATTEN AFFORDABLE PARTNERS LP,1 EAST 11TH STRETT,Chattanooga,145 DX 007,Real,HE05,JENNA DANLEY,DIRECTOR OF COMPLIANCE,JDANLEY@ELMINGTONPM.COM,2878320.0,,,,,06/07/2019,12/31/2044,,
2023,,IDB,2023-09-11 00:00:00,,PROVIDENT LIFE & ACCIDENT INSURANCE CO,437 WALNUT STREET,Chattanooga,135M E 00100,Real,ID04,WATSON MARGIE,"FINANCIAL MANAGER, C&W",MWATSON2@UNUM.COM,12362160.0,,83445.0,82974.0,,02/26/2011,02/26/2026,,
2023,,IDB,2023-09-22 00:00:00,,SOUTHERN CHAMPION TRAY,2601 RIVERPORT ROAD,Chattanooga,127K A00129 000,Real,ID01,KEVIN CARDWELL,CORPORATE CONTROLLER,KEVIN.CARDWELL@SCTRAY.COM,40266300.0,,,,,01/29/2023,01/28/2058,,
2023,,HED,2023-09-25 00:00:00,,STANDIFER PLACE PROPERTIES LLC,2626 WALKER ROAD,Chattanooga,1022310,Personal,HE02,JOHN MCKINNEY,ACCOUNTING MANAGER,JMCKINNEY@NHCCARE.COM,2366902.0,,,,,01/01/2003,01/01/2052,,
2023,,HED,2023-09-25 00:00:00,,STANDIFER PLACE PROPERTIES LLC,2626 WALKER ROAD,Chattanooga,139 00302,Real,HE02,JOHN MCKINNEY,ACCOUNTING MANAGER,JMCKINNEY@NHCCARE.COM,16435172.0,,,,,01/01/2003,01/01/2052,,
2023,,HED,2023-09-14 00:00:00,,TSO CHATTANOOGA DEVELOPMENT LP,728 MARKET STREET,Chattanooga,145D AD 010 S000,Real,HE05,CORAL WAGNER,RESIDENTIAL PROPERTY MANAGER,CORAL@SIMPSONORG.COM,22403534.0,,,,,2015-10-17 00:00:00,2031-12-29 00:00:00,,
2023,,IDB,2023-09-29 00:00:00,,"VOLKSWAGEN GROUP OF AMERICA, INC.",8001 VOLKSWAGEN DRIVE,Chattanooga,130  00118  018,Real,ID01,HENNESSEY LORRAINE,TAX MANAGER,LORRAINE.HENNESSEY@VW.COM,656620447.0,,3009779.0,,,12/24/2009,12/31/2039,,
2023,,IDB,2023-09-29 00:00:00,,"VOLKSWAGEN GROUP OF AMERICA, INC.",8001 VOLKSWAGEN DRIVE,Chattanooga,1038312,Personal,ID01,HENNESSEY LORRAINE,TAX MANAGER,LORRAINE.HENNESSEY@VW.COM,980779794.0,,1603243.0,,,12/24/2009,12/31/2039,,
2023,,IDB,2023-09-26 00:00:00,,"WRIGLEY MANUFACTURING COMPANY, LLC",3200 JERSEY PIKE,Chattanooga,40153,Personal,ID01,MARK HEFFERAN,TAX AGENT,MARK.HEFFERAN@RYAN.COM,1424608.0,,,,,12/31/2010,12/31/2023,,
2023,,IDB,2023-09-26 00:00:00,,"WRIGLEY MANUFACTURING COMPANY, LLC",3200 JERSEY PIKE,Chattanooga,138 I A 00201,Real,ID01,MARK HEFFERAN,TAX AGENT,MARK.HEFFERAN@RYAN.COM,1894500.0,,,,,12/31/2010,12/31/2023,,
2023,,IDB,2023-09-29 00:00:00,,YANFENG US AUTOMOTIVE INTERIOR SYSTEMS,7463 BONNYSHIRE DR,Chattanooga,50278,Personal,ID01,TODD BARRON,AGENT,TBARRON@BARRONTAX.COM,9496198.0,,32050.0,46278.0,,05/15/2016,12/31/2030,,
2023,,IDB,2023-09-29 00:00:00,,YANFENG US AUTOMOTIVE INTERIOR SYSTEMS,7463 BONNYSHIRE DR,Chattanooga,129M D 011,Real,ID01,TODD BARRON,AGENT,TBARRON@BARRONTAX.COM,11701100.0,,52655.0,76031.0,,05/15/2016,12/31/2030,,
2024,,HED,2024-09-23 00:00:00,,APP BATTERY PARTNERS,NOF,Chattanooga,128 P N 003,Real,HE05,MISTI BAARSCH,DIRECTOR OF ACCOUNTING,MBAARSCH1@ALCOMGT.COM,776880.0,,28905.0,35103.0,,01/01/2022,12/31/2035,,
2024,,HED,2024-09-25 00:00:00,,BAYBERRY APARTMENTS,NOF,Chattanooga,146 D A009,Real,HE05,MISTI BAARSCH,DIRECTOR OF ACCOUNTING,MBAARSCH1@ALCOMGT.COM,2815400.0,,33005.0,62989.0,,02/15/2018,12/31/2032,,
2024,,IDB,2024-09-20 00:00:00,,"BLUECROSS BLUESHIELD OF TENNESSEE, INC.",1 CAMERON HILL CIRCLE,Chattanooga,135N  B  00502,Real,ID04,DANIEL TOOMBS,ACCOUNTANT,DANIEL_TOOMBS@BCBST.COM,861274.0,48057.0,4837.0,4810.0,,02/27/2008,02/27/2028,,
2024,,IDB,2024-09-20 00:00:00,,"BLUECROSS BLUESHIELD OF TENNESSEE, INC.",1 CAMERON HILL CIRCLE,Chattanooga,135N  B  00501,Real,ID04,DANIEL TOOMBS,ACCOUNTANT,DANIEL_TOOMBS@BCBST.COM,100957048.0,5633125.0,609313.0,605874.0,,02/27/2008,02/27/2028,,
2024,,IDB,2024-09-20 00:00:00,,"BLUECROSS BLUESHIELD OF TENNESSEE, INC.",1 CAMERON HILL CIRCLE,Chattanooga,135N  B  00500,Real,ID04,DANIEL TOOMBS,ACCOUNTANT,DANIEL_TOOMBS@BCBST.COM,90181678.0,5031889.0,437540.0,435070.0,,02/27/2008,02/27/2028,,
2024,,IDB,9/6/2024,,COCA-COLA BOTTLING COMPANY UNITED INC,6060 SHALLOWFORD RD,Chattanooga,1380 B 00103,Real,ID01,MATTHEW BALANCE,SENIOR TAX ACCOUNTANT,MATTHEWBALANCE@CCBCU.COM,47155700.0,,106101.0,129678.0,,04/23/2014,04/23/2026,,
2024,,IDB,9/6/2024,,COCA-COLA BOTTLING COMPANY UNITED INC,6060 SHALLOWFORD RD,Chattanooga,47001,Personal,ID01,MATTHEW BALANCE,SENIOR TAX ACCOUNTANT,MATTHEWBALANCE@CCBCU.COM,3522159.0,,5635.0,7044.0,,04/23/2014,04/23/2026,,
2024,,HED,2024-09-27 00:00:00,,ECG CHESTNUT LP,2120 CHESTNUT ST,Chattanooga,145KG001,Real,HE05,KAITLYN BELL,DIRECTOR OF COMPLIANCE,KBELL@ELMINGTONPM.COM,75840.0,,,,,12/19/2017,12/31/2033,,
2024,,IDB,2024-09-26 00:00:00,,"GESTAMP CHATTANOOGA II, LLC",7529 FERDINAND PIECH WAY,Chattanooga,048704P,Personal,ID01,KELLEN GIBSON,ACCOUNTANT,KGIBSON@US.GESTAMP.COM,34170583.0,,115326.0,166525.0,,12/09/2015,12/29/2026,,
2024,,IDB,2024-09-26 00:00:00,,"GESTAMP CHATTANOOGA II, LLC",7529 FERDINAND PIECH WAY,Chattanooga,13000134,Real,ID01,KELLEN GIBSON,ACCOUNTANT,KGIBSON@US.GESTAMP.COM,45589300.0,,205152.0,296230.0,,12/09/2015,12/29/2026,,
2024,,IDB,2024-09-26 00:00:00,,"GESTAMP CHATTANOOGA, LLC",4120 JERSEY PIKE,Chattanooga,138I A 003,Real,ID01,KELLEN GIBSON,ACCOUNTANT,KGIBSON@US.GESTAMP.COM,13265500.0,,61315.0,88536.0,,11/30/2015,12/28/2026,,
2024,,IDB,2024-09-26 00:00:00,,"GESTAMP CHATTANOOGA, LLC",3063 HICKORY VALLEY ROAD,Chattanooga,038692P,Personal,ID01,KELLEN GIBSON,ACCOUNTANT,KGIBSON@US.GESTAMP.COM,6668118.0,,29076.0,28912.0,,02/07/2010,12/28/2024,,
2024,,IDB,2024-09-26 00:00:00,,"GESTAMP CHATTANOOGA, LLC",3093 HICKORY VALLEY RD,Chattanooga,049271P,Personal,ID01,KELLEN GIBSON,ACCOUNTANT,KGIBSON@US.GESTAMP.COM,63102119.0,,212970.0,307519.0,,10/31/2015,12/28/2026,,
2024,,IDB,2024-09-26 00:00:00,,"GESTAMP CHATTANOOGA, LLC",3093 HICKORY VALLEY RD,Chattanooga,13000126,Real,ID01,KELLEN GIBSON,ACCOUNTANT,KGIBSON@US.GESTAMP.COM,13609500.0,3246138.0,61243.0,88432.0,,10/31/2015,12/28/2026,,
2024,,IDB,2024-09-26 00:00:00,,"GESTAMP CHATTANOOGA, LLC",4120 JERSEY PIKE,Chattanooga,048703P,Personal,ID01,KELLEN GIBSON,ACCOUNTANT,KGIBSON@US.GESTAMP.COM,29795849.0,,100561.0,145206.0,,11/30/2015,12/28/2026,,
2024,,IDB,2024-09-26 00:00:00,,"GESTAMP CHATTANOOGA, LLC",3063 HICKORY VALLEY ROAD,Chattanooga,130 00125,Real,ID01,KELLEN GIBSON,ACCOUNTANT,KGIBSON@US.GESTAMP.COM,80546000.0,1582374.0,468294.0,465651.0,,02/07/2010,12/28/2024,,
2024,,HED,2024-09-03 00:00:00,,HERITAGE-MACLELLAN APARTMENTS,721 BROAD ST,Chattanooga,145CBA005L000,Real,HE05,BRITTANY HARDY,PROPERTY OPERATIONS MANAGER,BHARDY@HLD-LLC.COM,1041800.0,,806.0,13025.0,,04/15/2016,04/14/2032,,
2024,Hamilton,Project Type,Filing Date,,Lessee,Property Address,City,Par ID # or Assessor's ID#,Property Type,Property Code,Contact Person,Title,EMAIL ADDRESS,,,,,,Lease Started,Lease Ended,,
2024,,IDB,2024-09-30 00:00:00,,MCKEE FOODS CORPORATION,10260 MCKEE DRIVE & 10638 APISON PIKE,Collegedale,10052016,Personal,ID01,BRYAN MATTICE,CONTROLLER,TYRA.COUDEN@MCKEE.COM,31667370.0,,67933.0,140368.0,,12/29/2017,12/28/2027,,
2024,,IDB,2024-09-30 00:00:00,,MCKEE FOODS CORPORATION,10260 MCKEE DRIVE,Collegedale,141033L000,Real,ID01,BRYAN MATTICE,CONTROLLER,TYRA.COUDEN@MCKEE.COM,14426400.0,,44722.0,92407.0,,12/29/2017,12/28/2027,,
2024,,IDB,2024-09-30 00:00:00,,MCKEE FOODS CORPORATION,10300 APISON PIKE,Collegedale,10058089,Personal,ID01,BRYAN MATTICE,CONTROLLER,TYRA.COUDEN@MCKEE.COM,47137067.0,,,37153.0,,01/01/2020,12/31/2034,,
2024,,IDB,2024-09-30 00:00:00,,MCKEE FOODS CORPORATION,10300 APISON PIKE,Collegedale,140 172 L000,Real,ID01,BRYAN MATTICE,CONTROLLER,TYRA.COUDEN@MCKEE.COM,715000.0,,,2761.0,,01/01/2020,12/31/2034,,
2024,,IDB,2024-10-01 00:00:00,,NOVONIX ANODE MATERIALS LLC,1029 WEST 19TH STREET,Chattanooga,145G A 00217 000,Real,ID01,SHALITA M ROBINSON,VP US CONTROLLER,SHALITA@NOVONIXGROUP.COM,40208808.0,,100856.0,94766.0,,07/28/2021,12/31/2036,,
2024,,IDB,2024-10-01 00:00:00,,NOVONIX ANODE MATERIALS LLC,1029 WEST 19TH STREET,Chattanooga,145G A 00218 000,Real,ID01,SHALITA M ROBINSON,VP US CONTROLLER,SHALITA@NOVONIXGROUP.COM,22004.0,,189.0,188.0,,07/28/2021,12/31/2036,,
2024,,HED,2024-09-27 00:00:00,,PATTEN AFFORDABLE PARTNERS LP,1 EAST 11TH STRETT,Chattanooga,145 DX 007,Real,HE05,KAITLYN BELL,DIRECTOR OF COMPLIANCE,KBELL@ELMINGTONPM.COM,2878320.0,,,,,06/07/2019,12/31/2044,,
2024,,IDB,2024-09-10 00:00:00,,PROVIDENT LIFE & ACCIDENT INSURANCE CO,437 WALNUT STREET,Chattanooga,135M E 00100,Real,ID04,WATSON MARGIE,"FINANCIAL MANAGER, C&W",MWATSON2@UNUM.COM,12362160.0,,83445.0,82974.0,,02/26/2011,02/26/2026,,
2024,,IDB,2024-09-23 00:00:00,,SOUTHERN CHAMPION TRAY,2601 RIVERPORT ROAD,Chattanooga,127K A00129 000,Real,ID01,KEVIN CARDWELL,CORPORATE CONTROLLER,KEVIN.CARDWELL@SCTRAY.COM,40266300.0,,,360351.0,,01/29/2023,01/28/2058,,
2024,,HED,9/24/20/24,,STANDIFER PLACE PROPERTIES LLC,2626 WALKER ROAD,Chattanooga,1022310,Personal,HE02,JOHN MCKINNEY,ACCOUNTING MANAGER,JMCKINNEY@NHCCARE.COM,2366902.0,,,,,01/01/2003,01/01/2052,,
2024,,HED,9/24/20/24,,STANDIFER PLACE PROPERTIES LLC,2626 WALKER ROAD,Chattanooga,139 00302,Real,HE02,JOHN MCKINNEY,ACCOUNTING MANAGER,JMCKINNEY@NHCCARE.COM,16435172.0,,,,,01/01/2003,01/01/2052,,
2024,,HED,2024-09-27 00:00:00,,TSO CHATTANOOGA DEVELOPMENT LP,728 MARKET STREET,Chattanooga,145D AD 010 S000,Real,HE05,ASHLI MOTE,RESIDENTIAL PROPERTY MANAGER,ASHLI@SIMPSONORG.COM,19162800.0,,,,,2015-10-17 00:00:00,2031-12-29 00:00:00,,
2024,,IDB,2024-10-01 00:00:00,,"VOLKSWAGEN GROUP OF AMERICA, INC.",8001 VOLKSWAGEN DRIVE,Chattanooga,130  00118  018,Real,ID01,HENNESSEY LORRAINE,TAX MANAGER,LORRAINE.HENNESSEY@VW.COM,680220497.0,,2872322.0,,,12/24/2009,12/31/2039,,
2024,,IDB,2024-10-01 00:00:00,,"VOLKSWAGEN GROUP OF AMERICA, INC.",8001 VOLKSWAGEN DRIVE,Chattanooga,1038312,Personal,ID01,HENNESSEY LORRAINE,TAX MANAGER,LORRAINE.HENNESSEY@VW.COM,1075049537.0,,1973756.0,,,12/24/2009,12/31/2039,,
2024,,IDB,2024-09-11 00:00:00,,YANFENG US AUTOMOTIVE INTERIOR SYSTEMS,7463 BONNYSHIRE DR,Chattanooga,50278,Personal,ID01,TODD BARRON,AGENT,TBARRON@BARRONTAX.COM,11701100.0,,52655.0,74950.0,,05/15/2016,12/31/2030,,
2024,,IDB,2024-09-11 00:00:00,,YANFENG US AUTOMOTIVE INTERIOR SYSTEMS,7463 BONNYSHIRE DR,Chattanooga,129M D 011,Real,ID01,TODD BARRON,AGENT,TBARRON@BARRONTAX.COM,11849839.0,,39993.0,56927.0,,05/15/2016,12/31/2030,,
2025,,HED,2025-09-30 00:00:00,,APP BATTERY PARTNERS,NOF,Chattanooga,128 P N 003,Real,HE05,TRACY MASON,DIRECTOR OF ACCOUNTING,TMASON1@ALCOMGT.COM,776800.0,,28905.0,35103.0,,01/01/2022,12/31/2035,,
2025,,HED,2025-09-30 00:00:00,,BAYBERRY APARTMENTS,NOF,Chattanooga,146 D A009,Real,HE05,TRACY MASON,DIRECTOR OF ACCOUNTING,TMASON1@ALCOMGT.COM,4287800.0,,96476.0,95931.0,,02/15/2018,12/31/2032,,
2025,,IDB,2025-10-01 00:00:00,,"BLUECROSS BLUESHIELD OF TENNESSEE, INC.",1 CAMERON HILL CIRCLE,Chattanooga,135N  B  00502,Real,ID04,DANIEL TOOMBS,ACCOUNTANT,DANIEL_TOOMBS@BCBST.COM,861274.0,47956.0,4149.0,3258.0,,02/27/2008,02/27/2028,,
2025,,IDB,2025-10-01 00:00:00,,"BLUECROSS BLUESHIELD OF TENNESSEE, INC.",1 CAMERON HILL CIRCLE,Chattanooga,135N  B  00501,Real,ID04,DANIEL TOOMBS,ACCOUNTANT,DANIEL_TOOMBS@BCBST.COM,100957048.0,5621321.0,522655.0,410460.0,,02/27/2008,02/27/2028,,
2025,,IDB,2025-10-01 00:00:00,,"BLUECROSS BLUESHIELD OF TENNESSEE, INC.",1 CAMERON HILL CIRCLE,Chattanooga,135N  B  00500,Real,ID04,DANIEL TOOMBS,ACCOUNTANT,DANIEL_TOOMBS@BCBST.COM,90181678.0,5021345.0,389041.0,305528.0,,02/27/2008,02/27/2028,,
2025,,IDB,9/10/2025,,COCA-COLA BOTTLING COMPANY UNITED INC,6060 SHALLOWFORD RD,Chattanooga,1380 B 00103,Real,ID01,MATTHEW BALANCE,SENIOR TAX ACCOUNTANT,MATTHEWBALANCE@CCBCU.COM,47155700.0,,106101.0,129678.0,,04/23/2014,04/23/2026,,
2025,,IDB,9/10/2025,,COCA-COLA BOTTLING COMPANY UNITED INC,6060 SHALLOWFORD RD,Chattanooga,47001,Personal,ID01,MATTHEW BALANCE,SENIOR TAX ACCOUNTANT,MATTHEWBALANCE@CCBCU.COM,3535086.0,,5635.0,7044.0,,04/23/2014,04/23/2026,,
2025,,HED,2025-09-15 00:00:00,,ECG CHESTNUT LP,2120 CHESTNUT ST,Chattanooga,145KG001,Real,HE05,KAITLYN BELL,DIRECTOR OF COMPLIANCE,KBELL@ELMINGTONPM.COM,234920.0,,,,,12/19/2017,12/31/2033,,
2025,,IDB,2025-08-05 00:00:00,,"GESTAMP CHATTANOOGA II, LLC",7529 FERDINAND PIECH WAY,Chattanooga,048704P,Personal,ID01,KELLEN GIBSON,ASSISTANT CONTROLLER,KGIBSON@US.GESTAMP.COM,47959794.0,,111507.0,156090.0,,12/09/2015,12/29/2026,,
2025,,IDB,2025-08-05 00:00:00,,"GESTAMP CHATTANOOGA II, LLC",7529 FERDINAND PIECH WAY,Chattanooga,13000134,Real,ID01,KELLEN GIBSON,ASSISTANT CONTROLLER,KGIBSON@US.GESTAMP.COM,58789300.0,,182247.0,255114.0,,12/09/2015,12/29/2026,,
2025,,IDB,2025-08-05 00:00:00,,"GESTAMP CHATTANOOGA, LLC",4120 JERSEY PIKE,Chattanooga,138I A 003,Real,ID01,KELLEN GIBSON,ASSISTANT CONTROLLER,KGIBSON@US.GESTAMP.COM,13265500.0,,42239.0,59127.0,,11/30/2015,12/28/2026,,
2025,,IDB,2025-08-05 00:00:00,,"GESTAMP CHATTANOOGA, LLC",3093 HICKORY VALLEY RD,Chattanooga,049271P,Personal,ID01,KELLEN GIBSON,ASSISTANT CONTROLLER,KGIBSON@US.GESTAMP.COM,66424189.0,,154436.0,216184.0,,10/31/2015,12/28/2026,,
2025,,IDB,2025-08-05 00:00:00,,"GESTAMP CHATTANOOGA, LLC",3093 HICKORY VALLEY RD,Chattanooga,13000126,Real,ID01,KELLEN GIBSON,ASSISTANT CONTROLLER,KGIBSON@US.GESTAMP.COM,13609500.0,3315390.0,42189.0,59058.0,,10/31/2015,12/28/2026,,
2025,,IDB,2025-08-05 00:00:00,,"GESTAMP CHATTANOOGA, LLC",4120 JERSEY PIKE,Chattanooga,048703P,Personal,ID01,KELLEN GIBSON,ASSISTANT CONTROLLER,KGIBSON@US.GESTAMP.COM,29970737.0,,55732.0,78015.0,,11/30/2015,12/28/2026,,
2025,,HED,2025-10-06 00:00:00,,HERITAGE-MACLELLAN APARTMENTS,721 BROAD ST,Chattanooga,145CBA005L000,Real,HE05,BRITTANY HARDY,PROPERTY OPERATIONS MANAGER,BHARDY@HLD-LLC.COM,1041800.0,,806.0,13025.0,,04/15/2016,04/14/2032,,
2025,Hamilton,Project Type,Filing Date,,Lessee,Property Address,City,Par ID # or Assessor's ID#,Property Type,Property Code,Contact Person,Title,EMAIL ADDRESS,,,,,,Lease Started,Lease Ended,,
2025,,IDB,2025-09-26 00:00:00,,MCKEE FOODS CORPORATION,10260 MCKEE DRIVE & 10638 APISON PIKE,Collegedale,10052016,Personal,ID01,BRYAN MATTICE,CONTROLLER,TYRA.COUDEN@MCKEE.COM,24082490.0,,55992.0,115693.0,,12/29/2017,12/28/2027,,
2025,,IDB,2025-09-26 00:00:00,,MCKEE FOODS CORPORATION,10260 MCKEE DRIVE,Collegedale,141033L000,Real,ID01,BRYAN MATTICE,CONTROLLER,TYRA.COUDEN@MCKEE.COM,14426400.0,,44722.0,92407.0,,12/29/2017,12/28/2027,,
2025,,IDB,2025-09-26 00:00:00,,MCKEE FOODS CORPORATION,10300 APISON PIKE,Collegedale,10058089,Personal,ID01,BRYAN MATTICE,CONTROLLER,TYRA.COUDEN@MCKEE.COM,95270564.0,,,278819.0,,01/01/2020,12/31/2034,,
2025,,IDB,2025-09-26 00:00:00,,MCKEE FOODS CORPORATION,10300 APISON PIKE,Collegedale,140 172 L000,Real,ID01,BRYAN MATTICE,CONTROLLER,TYRA.COUDEN@MCKEE.COM,715000.0,,,2761.0,,01/01/2020,12/31/2034,,
2025,,IDB,2025-09-15 00:00:00,,NOVONIX ANODE MATERIALS LLC,1029 WEST 19TH STREET,Chattanooga,145G A 00217 000,Real,ID01,RASARAH JOHNSON,GRANT & COMPLIANCE MANAGER,RASARH.JOHNSON@NOVONIXGROUP.COM,40208808.0,,100856.0,94766.0,,07/28/2021,12/31/2036,,
2025,,IDB,2025-09-15 00:00:00,,NOVONIX ANODE MATERIALS LLC,1029 WEST 19TH STREET,Chattanooga,145G A 00218 000,Real,ID01,RASARAH JOHNSON,GRANT & COMPLIANCE MANAGER,RASARH.JOHNSON@NOVONIXGROUP.COM,22004.0,,189.0,188.0,,07/28/2021,12/31/2036,,
2025,,HED,2025-09-15 00:00:00,,PATTEN AFFORDABLE PARTNERS LP,1 EAST 11TH STRETT,Chattanooga,145 DX 007,Real,HE05,KAITLYN BELL,DIRECTOR OF COMPLIANCE,KBELL@ELMINGTONPM.COM,2878320.0,,,,,06/07/2019,12/31/2044,,
2025,,IDB,2025-07-18 00:00:00,,PROVIDENT LIFE & ACCIDENT INSURANCE CO,437 WALNUT STREET,Chattanooga,135M E 00100,Real,ID04,WATSON MARGIE,"FINANCIAL MANAGER, C&W",MWATSON2@UNUM.COM,12362160.0,,83445.0,82974.0,,02/26/2011,02/26/2026,,
2025,,IDB,2025-09-09 00:00:00,,SOUTHERN CHAMPION TRAY,2601 RIVERPORT ROAD,Chattanooga,127K A00129 000,Real,ID01,KEVIN CARDWELL,CORPORATE CONTROLLER,KEVIN.CARDWELL@SCTRAY.COM,40266300.0,,,360351.0,,01/29/2023,01/28/2058,,
2025,,HED,2025-09-24 00:00:00,,STANDIFER PLACE PROPERTIES LLC,2626 WALKER ROAD,Chattanooga,139 00302,Real,HE02,JOHN MCKINNEY,ACCOUNTING MANAGER,JMCKINNEY@NHCCARE.COM,16435172.0,,,,,01/01/2003,01/01/2052,,
2025,,HED,2025-09-22 00:00:00,,TSO CHATTANOOGA DEVELOPMENT LP,728 MARKET STREET,Chattanooga,145D AD 010 S000,Real,HE05,ASHLI MOTE,RESIDENTIAL PROPERTY MANAGER,ASHLI@SIMPSONORG.COM,18312600.0,,,,,2015-10-17 00:00:00,2031-12-29 00:00:00,,
2025,,IDB,2025-09-25 00:00:00,,YANFENG US AUTOMOTIVE INTERIOR SYSTEMS,7463 BONNYSHIRE DR,Chattanooga,50278,Personal,ID01,TODD BARRON,AGENT,TBARRON@BARRONTAX.COM,14007815.0,,47276.0,67294.0,,05/15/2016,12/31/2030,,
2025,,IDB,2025-09-25 00:00:00,,YANFENG US AUTOMOTIVE INTERIOR SYSTEMS,7463 BONNYSHIRE DR,Chattanooga,129M D 011,Real,ID01,TODD BARRON,AGENT,TBARRON@BARRONTAX.COM,14141100.0,,63635.0,90579.0,,05/15/2016,12/31/2030,,
